1,Luís Gonçalves,Embraer - Empresa Brasileira de Aeronáutica S.A.,"Av. Brigadeiro Faria Lima, 2170",São José dos Campos,SP,Brazil,12227-000,+55 (12) 3923-5555,+55 (12) 3923-5566,luisg@embraer.com.br,98,2010-03-11,"Av. Brigadeiro Faria Lima, 2170",São José dos Campos,SP,Brazil,12227-000,3.98
1,Luís Gonçalves,Embraer - Empresa Brasileira de Aeronáutica S.A.,"Av. Brigadeiro Faria Lima, 2170",São José dos Campos,SP,Brazil,12227-000,+55 (12) 3923-5555,+55 (12) 3923-5566,luisg@embraer.com.br,121,2010-06-13,"Av. Brigadeiro Faria Lima, 2170",São José dos Campos,SP,Brazil,12227-000,3.96
1,Luís Gonçalves,Embraer - Empresa Brasileira de Aeronáutica S.A.,"Av. Brigadeiro Faria Lima, 2170",São José dos Campos,SP,Brazil,12227-000,+55 (12) 3923-5555,+55 (12) 3923-5566,luisg@embraer.com.br,143,2010-09-15,"Av. Brigadeiro Faria Lima, 2170",São José dos Campos,SP,Brazil,12227-000,5.94
1,Luís Gonçalves,Embraer - Empresa Brasileira de Aeronáutica S.A.,"Av. Brigadeiro Faria Lima, 2170",São José dos Campos,SP,Brazil,12227-000,+55 (12) 3923-5555,+55 (12) 3923-5566,luisg@embraer.com.br,195,2011-05-06,"Av. Brigadeiro Faria Lima, 2170",São José dos Campos,SP,Brazil,12227-000,0.99
1,Luís Gonçalves,Embraer - Empresa Brasileira de Aeronáutica S.A.,"Av. Brigadeiro Faria Lima, 2170",São José dos Campos,SP,Brazil,12227-000,+55 (12) 3923-5555,+55 (12) 3923-5566,luisg@embraer.com.br,316,2012-10-27,"Av. Brigadeiro Faria Lima, 2170",São José dos Campos,SP,Brazil,12227-000,1.98
1,Luís Gonçalves,Embraer - Empresa Brasileira de Aeronáutica S.A.,"Av. Brigadeiro Faria Lima, 2170",São José dos Campos,SP,Brazil,12227-000,+55 (12) 3923-5555,+55 (12) 3923-5566,luisg@embraer.com.br,327,2012-12-07,"Av. Brigadeiro Faria Lima, 2170",São José dos Campos,SP,Brazil,12227-000,13.86
1,Luís Gonçalves,Embraer - Empresa Brasileira de Aeronáutica S.A.,"Av. Brigadeiro Faria Lima, 2170",São José dos Campos,SP,Brazil,12227-000,+55 (12) 3923-5555,+55 (12) 3923-5566,luisg@embraer.com.br,382,2013-08-07,"Av. Brigadeiro Faria Lima, 2170",São José dos Campos,SP,Brazil,12227-000,8.91
2,Leonie Köhler,,Theodor-Heuss-Straße 34,Stuttgart,,Germany,70174,+49 0711 2842222,,leonekohler@surfeu.de,1,2009-01-01,Theodor-Heuss-Straße 34,Stuttgart,,Germany,70174,1.98
2,Leonie Köhler,,Theodor-Heuss-Straße 34,Stuttgart,,Germany,70174,+49 0711 2842222,,leonekohler@surfeu.de,12,2009-02-11,Theodor-Heuss-Straße 34,Stuttgart,,Germany,70174,13.86
2,Leonie Köhler,,Theodor-Heuss-Straße 34,Stuttgart,,Germany,70174,+49 0711 2842222,,leonekohler@surfeu.de,67,2009-10-12,Theodor-Heuss-Straße 34,Stuttgart,,Germany,70174,8.91
2,Leonie Köhler,,Theodor-Heuss-Straße 34,Stuttgart,,Germany,70174,+49 0711 2842222,,leonekohler@surfeu.de,196,2011-05-19,Theodor-Heuss-Straße 34,Stuttgart,,Germany,70174,1.98
2,Leonie Köhler,,Theodor-Heuss-Straße 34,Stuttgart,,Germany,70174,+49 0711 2842222,,leonekohler@surfeu.de,219,2011-08-21,Theodor-Heuss-Straße 34,Stuttgart,,Germany,70174,3.96
2,Leonie Köhler,,Theodor-Heuss-Straße 34,Stuttgart,,Germany,70174,+49 0711 2842222,,leonekohler@surfeu.de,241,2011-11-23,Theodor-Heuss-Straße 34,Stuttgart,,Germany,70174,5.94
2,Leonie Köhler,,Theodor-Heuss-Straße 34,Stuttgart,,Germany,70174,+49 0711 2842222,,leonekohler@surfeu.de,293,2012-07-13,Theodor-Heuss-Straße 34,Stuttgart,,Germany,70174,0.99
3,François Tremblay,,1498 rue Bélanger,Montréal,QC,Canada,H2G 1A7,+1 (514) 721-4711,,ftremblay@gmail.com,99,2010-03-11,1498 rue Bélanger,Montréal,QC,Canada,H2G 1A7,3.98
3,François Tremblay,,1498 rue Bélanger,Montréal,QC,Canada,H2G 1A7,+1 (514) 721-4711,,ftremblay@gmail.com,110,2010-04-21,1498 rue Bélanger,Montréal,QC,Canada,H2G 1A7,13.86
3,François Tremblay,,1498 rue Bélanger,Montréal,QC,Canada,H2G 1A7,+1 (514) 721-4711,,ftremblay@gmail.com,165,2010-12-20,1498 rue Bélanger,Montréal,QC,Canada,H2G 1A7,8.91
3,François Tremblay,,1498 rue Bélanger,Montréal,QC,Canada,H2G 1A7,+1 (514) 721-4711,,ftremblay@gmail.com,294,2012-07-26,1498 rue Bélanger,Montréal,QC,Canada,H2G 1A7,1.98
3,François Tremblay,,1498 rue Bélanger,Montréal,QC,Canada,H2G 1A7,+1 (514) 721-4711,,ftremblay@gmail.com,317,2012-10-28,1498 rue Bélanger,Montréal,QC,Canada,H2G 1A7,3.96
3,François Tremblay,,1498 rue Bélanger,Montréal,QC,Canada,H2G 1A7,+1 (514) 721-4711,,ftremblay@gmail.com,339,2013-01-30,1498 rue Bélanger,Montréal,QC,Canada,H2G 1A7,5.94
3,François Tremblay,,1498 rue Bélanger,Montréal,QC,Canada,H2G 1A7,+1 (514) 721-4711,,ftremblay@gmail.com,391,2013-09-20,1498 rue Bélanger,Montréal,QC,Canada,H2G 1A7,0.99
4,Bjørn Hansen,,Ullevålsveien 14,Oslo,,Norway,0171,+47 22 44 22 22,,bjorn.hansen@yahoo.no,2,2009-01-02,Ullevålsveien 14,Oslo,,Norway,0171,3.96
4,Bjørn Hansen,,Ullevålsveien 14,Oslo,,Norway,0171,+47 22 44 22 22,,bjorn.hansen@yahoo.no,24,2009-04-06,Ullevålsveien 14,Oslo,,Norway,0171,5.94
4,Bjørn Hansen,,Ullevålsveien 14,Oslo,,Norway,0171,+47 22 44 22 22,,bjorn.hansen@yahoo.no,76,2009-11-25,Ullevålsveien 14,Oslo,,Norway,0171,0.99
4,Bjørn Hansen,,Ullevålsveien 14,Oslo,,Norway,0171,+47 22 44 22 22,,bjorn.hansen@yahoo.no,197,2011-05-19,Ullevålsveien 14,Oslo,,Norway,0171,1.98
4,Bjørn Hansen,,Ullevålsveien 14,Oslo,,Norway,0171,+47 22 44 22 22,,bjorn.hansen@yahoo.no,208,2011-06-29,Ullevålsveien 14,Oslo,,Norway,0171,15.86
4,Bjørn Hansen,,Ullevålsveien 14,Oslo,,Norway,0171,+47 22 44 22 22,,bjorn.hansen@yahoo.no,263,2012-02-27,Ullevålsveien 14,Oslo,,Norway,0171,8.91
4,Bjørn Hansen,,Ullevålsveien 14,Oslo,,Norway,0171,+47 22 44 22 22,,bjorn.hansen@yahoo.no,392,2013-10-03,Ullevålsveien 14,Oslo,,Norway,0171,1.98
5,František Wichterlová,JetBrains s.r.o.,Klanova 9/506,Prague,,Czech Republic,14700,+420 2 4172 5555,+420 2 4172 5555,frantisekw@jetbrains.com,77,2009-12-08,Klanova 9/506,Prague,,Czech Republic,14700,1.98
5,František Wichterlová,JetBrains s.r.o.,Klanova 9/506,Prague,,Czech Republic,14700,+420 2 4172 5555,+420 2 4172 5555,frantisekw@jetbrains.com,100,2010-03-12,Klanova 9/506,Prague,,Czech Republic,14700,3.96
5,František Wichterlová,JetBrains s.r.o.,Klanova 9/506,Prague,,Czech Republic,14700,+420 2 4172 5555,+420 2 4172 5555,frantisekw@jetbrains.com,122,2010-06-14,Klanova 9/506,Prague,,Czech Republic,14700,5.94
5,František Wichterlová,JetBrains s.r.o.,Klanova 9/506,Prague,,Czech Republic,14700,+420 2 4172 5555,+420 2 4172 5555,frantisekw@jetbrains.com,174,2011-02-02,Klanova 9/506,Prague,,Czech Republic,14700,0.99
5,František Wichterlová,JetBrains s.r.o.,Klanova 9/506,Prague,,Czech Republic,14700,+420 2 4172 5555,+420 2 4172 5555,frantisekw@jetbrains.com,295,2012-07-26,Klanova 9/506,Prague,,Czech Republic,14700,1.98
5,František Wichterlová,JetBrains s.r.o.,Klanova 9/506,Prague,,Czech Republic,14700,+420 2 4172 5555,+420 2 4172 5555,frantisekw@jetbrains.com,306,2012-09-05,Klanova 9/506,Prague,,Czech Republic,14700,16.86
5,František Wichterlová,JetBrains s.r.o.,Klanova 9/506,Prague,,Czech Republic,14700,+420 2 4172 5555,+420 2 4172 5555,frantisekw@jetbrains.com,361,2013-05-06,Klanova 9/506,Prague,,Czech Republic,14700,8.91
6,Helena Holý,,Rilská 3174/6,Prague,,Czech Republic,14300,+420 2 4177 0449,,hholy@gmail.com,46,2009-07-11,Rilská 3174/6,Prague,,Czech Republic,14300,8.91
6,Helena Holý,,Rilská 3174/6,Prague,,Czech Republic,14300,+420 2 4177 0449,,hholy@gmail.com,175,2011-02-15,Rilská 3174/6,Prague,,Czech Republic,14300,1.98
6,Helena Holý,,Rilská 3174/6,Prague,,Czech Republic,14300,+420 2 4177 0449,,hholy@gmail.com,198,2011-05-20,Rilská 3174/6,Prague,,Czech Republic,14300,3.96
6,Helena Holý,,Rilská 3174/6,Prague,,Czech Republic,14300,+420 2 4177 0449,,hholy@gmail.com,220,2011-08-22,Rilská 3174/6,Prague,,Czech Republic,14300,5.94
6,Helena Holý,,Rilská 3174/6,Prague,,Czech Republic,14300,+420 2 4177 0449,,hholy@gmail.com,272,2012-04-11,Rilská 3174/6,Prague,,Czech Republic,14300,0.99
6,Helena Holý,,Rilská 3174/6,Prague,,Czech Republic,14300,+420 2 4177 0449,,hholy@gmail.com,393,2013-10-03,Rilská 3174/6,Prague,,Czech Republic,14300,1.98
6,Helena Holý,,Rilská 3174/6,Prague,,Czech Republic,14300,+420 2 4177 0449,,hholy@gmail.com,404,2013-11-13,Rilská 3174/6,Prague,,Czech Republic,14300,25.86
7,Astrid Gruber,,"Rotenturmstraße 4, 1010 Innere Stadt",Vienne,,Austria,1010,+43 01 5134505,,astrid.gruber@apple.at,78,2009-12-08,"Rotenturmstraße 4, 1010 Innere Stadt",Vienne,,Austria,1010,1.98
7,Astrid Gruber,,"Rotenturmstraße 4, 1010 Innere Stadt",Vienne,,Austria,1010,+43 01 5134505,,astrid.gruber@apple.at,89,2010-01-18,"Rotenturmstraße 4, 1010 Innere Stadt",Vienne,,Austria,1010,18.86
7,Astrid Gruber,,"Rotenturmstraße 4, 1010 Innere Stadt",Vienne,,Austria,1010,+43 01 5134505,,astrid.gruber@apple.at,144,2010-09-18,"Rotenturmstraße 4, 1010 Innere Stadt",Vienne,,Austria,1010,8.91
7,Astrid Gruber,,"Rotenturmstraße 4, 1010 Innere Stadt",Vienne,,Austria,1010,+43 01 5134505,,astrid.gruber@apple.at,273,2012-04-24,"Rotenturmstraße 4, 1010 Innere Stadt",Vienne,,Austria,1010,1.98
7,Astrid Gruber,,"Rotenturmstraße 4, 1010 Innere Stadt",Vienne,,Austria,1010,+43 01 5134505,,astrid.gruber@apple.at,296,2012-07-27,"Rotenturmstraße 4, 1010 Innere Stadt",Vienne,,Austria,1010,3.96
7,Astrid Gruber,,"Rotenturmstraße 4, 1010 Innere Stadt",Vienne,,Austria,1010,+43 01 5134505,,astrid.gruber@apple.at,318,2012-10-29,"Rotenturmstraße 4, 1010 Innere Stadt",Vienne,,Austria,1010,5.94
7,Astrid Gruber,,"Rotenturmstraße 4, 1010 Innere Stadt",Vienne,,Austria,1010,+43 01 5134505,,astrid.gruber@apple.at,370,2013-06-19,"Rotenturmstraße 4, 1010 Innere Stadt",Vienne,,Austria,1010,0.99
8,Daan Peeters,,Grétrystraat 63,Brussels,,Belgium,1000,+32 02 219 03 03,,daan_peeters@apple.be,3,2009-01-03,Grétrystraat 63,Brussels,,Belgium,1000,5.94
8,Daan Peeters,,Grétrystraat 63,Brussels,,Belgium,1000,+32 02 219 03 03,,daan_peeters@apple.be,55,2009-08-24,Grétrystraat 63,Brussels,,Belgium,1000,0.99
8,Daan Peeters,,Grétrystraat 63,Brussels,,Belgium,1000,+32 02 219 03 03,,daan_peeters@apple.be,176,2011-02-15,Grétrystraat 63,Brussels,,Belgium,1000,1.98
8,Daan Peeters,,Grétrystraat 63,Brussels,,Belgium,1000,+32 02 219 03 03,,daan_peeters@apple.be,187,2011-03-28,Grétrystraat 63,Brussels,,Belgium,1000,13.86
8,Daan Peeters,,Grétrystraat 63,Brussels,,Belgium,1000,+32 02 219 03 03,,daan_peeters@apple.be,242,2011-11-26,Grétrystraat 63,Brussels,,Belgium,1000,8.91
8,Daan Peeters,,Grétrystraat 63,Brussels,,Belgium,1000,+32 02 219 03 03,,daan_peeters@apple.be,371,2013-07-02,Grétrystraat 63,Brussels,,Belgium,1000,1.98
8,Daan Peeters,,Grétrystraat 63,Brussels,,Belgium,1000,+32 02 219 03 03,,daan_peeters@apple.be,394,2013-10-04,Grétrystraat 63,Brussels,,Belgium,1000,3.96
9,Kara Nielsen,,Sønder Boulevard 51,Copenhagen,,Denmark,1720,+453 3331 9991,,kara.nielsen@jubii.dk,56,2009-09-06,Sønder Boulevard 51,Copenhagen,,Denmark,1720,1.98
9,Kara Nielsen,,Sønder Boulevard 51,Copenhagen,,Denmark,1720,+453 3331 9991,,kara.nielsen@jubii.dk,79,2009-12-09,Sønder Boulevard 51,Copenhagen,,Denmark,1720,3.96
9,Kara Nielsen,,Sønder Boulevard 51,Copenhagen,,Denmark,1720,+453 3331 9991,,kara.nielsen@jubii.dk,101,2010-03-13,Sønder Boulevard 51,Copenhagen,,Denmark,1720,5.94
9,Kara Nielsen,,Sønder Boulevard 51,Copenhagen,,Denmark,1720,+453 3331 9991,,kara.nielsen@jubii.dk,153,2010-11-01,Sønder Boulevard 51,Copenhagen,,Denmark,1720,0.99
9,Kara Nielsen,,Sønder Boulevard 51,Copenhagen,,Denmark,1720,+453 3331 9991,,kara.nielsen@jubii.dk,274,2012-04-24,Sønder Boulevard 51,Copenhagen,,Denmark,1720,1.98
9,Kara Nielsen,,Sønder Boulevard 51,Copenhagen,,Denmark,1720,+453 3331 9991,,kara.nielsen@jubii.dk,285,2012-06-04,Sønder Boulevard 51,Copenhagen,,Denmark,1720,13.86
9,Kara Nielsen,,Sønder Boulevard 51,Copenhagen,,Denmark,1720,+453 3331 9991,,kara.nielsen@jubii.dk,340,2013-02-02,Sønder Boulevard 51,Copenhagen,,Denmark,1720,8.91
10,Eduardo Martins,Woodstock Discos,"Rua Dr. Falcão Filho, 155",São Paulo,SP,Brazil,01007-010,+55 (11) 3033-5446,+55 (11) 3033-4564,eduardo@woodstock.com.br,25,2009-04-09,"Rua Dr. Falcão Filho, 155",São Paulo,SP,Brazil,01007-010,8.91
10,Eduardo Martins,Woodstock Discos,"Rua Dr. Falcão Filho, 155",São Paulo,SP,Brazil,01007-010,+55 (11) 3033-5446,+55 (11) 3033-4564,eduardo@woodstock.com.br,154,2010-11-14,"Rua Dr. Falcão Filho, 155",São Paulo,SP,Brazil,01007-010,1.98
10,Eduardo Martins,Woodstock Discos,"Rua Dr. Falcão Filho, 155",São Paulo,SP,Brazil,01007-010,+55 (11) 3033-5446,+55 (11) 3033-4564,eduardo@woodstock.com.br,177,2011-02-16,"Rua Dr. Falcão Filho, 155",São Paulo,SP,Brazil,01007-010,3.96
10,Eduardo Martins,Woodstock Discos,"Rua Dr. Falcão Filho, 155",São Paulo,SP,Brazil,01007-010,+55 (11) 3033-5446,+55 (11) 3033-4564,eduardo@woodstock.com.br,199,2011-05-21,"Rua Dr. Falcão Filho, 155",São Paulo,SP,Brazil,01007-010,5.94
10,Eduardo Martins,Woodstock Discos,"Rua Dr. Falcão Filho, 155",São Paulo,SP,Brazil,01007-010,+55 (11) 3033-5446,+55 (11) 3033-4564,eduardo@woodstock.com.br,251,2012-01-09,"Rua Dr. Falcão Filho, 155",São Paulo,SP,Brazil,01007-010,0.99
10,Eduardo Martins,Woodstock Discos,"Rua Dr. Falcão Filho, 155",São Paulo,SP,Brazil,01007-010,+55 (11) 3033-5446,+55 (11) 3033-4564,eduardo@woodstock.com.br,372,2013-07-02,"Rua Dr. Falcão Filho, 155",São Paulo,SP,Brazil,01007-010,1.98
10,Eduardo Martins,Woodstock Discos,"Rua Dr. Falcão Filho, 155",São Paulo,SP,Brazil,01007-010,+55 (11) 3033-5446,+55 (11) 3033-4564,eduardo@woodstock.com.br,383,2013-08-12,"Rua Dr. Falcão Filho, 155",São Paulo,SP,Brazil,01007-010,13.86
11,Alexandre Rocha,Banco do Brasil S.A.,"Av. Paulista, 2022",São Paulo,SP,Brazil,01310-200,+55 (11) 3055-3278,+55 (11) 3055-8131,alero@uol.com.br,57,2009-09-06,"Av. Paulista, 2022",São Paulo,SP,Brazil,01310-200,1.98
11,Alexandre Rocha,Banco do Brasil S.A.,"Av. Paulista, 2022",São Paulo,SP,Brazil,01310-200,+55 (11) 3055-3278,+55 (11) 3055-8131,alero@uol.com.br,68,2009-10-17,"Av. Paulista, 2022",São Paulo,SP,Brazil,01310-200,13.86
11,Alexandre Rocha,Banco do Brasil S.A.,"Av. Paulista, 2022",São Paulo,SP,Brazil,01310-200,+55 (11) 3055-3278,+55 (11) 3055-8131,alero@uol.com.br,123,2010-06-17,"Av. Paulista, 2022",São Paulo,SP,Brazil,01310-200,8.91
11,Alexandre Rocha,Banco do Brasil S.A.,"Av. Paulista, 2022",São Paulo,SP,Brazil,01310-200,+55 (11) 3055-3278,+55 (11) 3055-8131,alero@uol.com.br,252,2012-01-22,"Av. Paulista, 2022",São Paulo,SP,Brazil,01310-200,1.98
11,Alexandre Rocha,Banco do Brasil S.A.,"Av. Paulista, 2022",São Paulo,SP,Brazil,01310-200,+55 (11) 3055-3278,+55 (11) 3055-8131,alero@uol.com.br,275,2012-04-25,"Av. Paulista, 2022",São Paulo,SP,Brazil,01310-200,3.96
11,Alexandre Rocha,Banco do Brasil S.A.,"Av. Paulista, 2022",São Paulo,SP,Brazil,01310-200,+55 (11) 3055-3278,+55 (11) 3055-8131,alero@uol.com.br,297,2012-07-28,"Av. Paulista, 2022",São Paulo,SP,Brazil,01310-200,5.94
11,Alexandre Rocha,Banco do Brasil S.A.,"Av. Paulista, 2022",São Paulo,SP,Brazil,01310-200,+55 (11) 3055-3278,+55 (11) 3055-8131,alero@uol.com.br,349,2013-03-18,"Av. Paulista, 2022",São Paulo,SP,Brazil,01310-200,0.99
12,Roberto Almeida,Riotur,"Praça Pio X, 119",Rio de Janeiro,RJ,Brazil,20040-020,+55 (21) 2271-7000,+55 (21) 2271-7070,roberto.almeida@riotur.gov.br,34,2009-05-23,"Praça Pio X, 119",Rio de Janeiro,RJ,Brazil,20040-020,0.99
12,Roberto Almeida,Riotur,"Praça Pio X, 119",Rio de Janeiro,RJ,Brazil,20040-020,+55 (21) 2271-7000,+55 (21) 2271-7070,roberto.almeida@riotur.gov.br,155,2010-11-14,"Praça Pio X, 119",Rio de Janeiro,RJ,Brazil,20040-020,1.98
12,Roberto Almeida,Riotur,"Praça Pio X, 119",Rio de Janeiro,RJ,Brazil,20040-020,+55 (21) 2271-7000,+55 (21) 2271-7070,roberto.almeida@riotur.gov.br,166,2010-12-25,"Praça Pio X, 119",Rio de Janeiro,RJ,Brazil,20040-020,13.86
12,Roberto Almeida,Riotur,"Praça Pio X, 119",Rio de Janeiro,RJ,Brazil,20040-020,+55 (21) 2271-7000,+55 (21) 2271-7070,roberto.almeida@riotur.gov.br,221,2011-08-25,"Praça Pio X, 119",Rio de Janeiro,RJ,Brazil,20040-020,8.91
12,Roberto Almeida,Riotur,"Praça Pio X, 119",Rio de Janeiro,RJ,Brazil,20040-020,+55 (21) 2271-7000,+55 (21) 2271-7070,roberto.almeida@riotur.gov.br,350,2013-03-31,"Praça Pio X, 119",Rio de Janeiro,RJ,Brazil,20040-020,1.98
12,Roberto Almeida,Riotur,"Praça Pio X, 119",Rio de Janeiro,RJ,Brazil,20040-020,+55 (21) 2271-7000,+55 (21) 2271-7070,roberto.almeida@riotur.gov.br,373,2013-07-03,"Praça Pio X, 119",Rio de Janeiro,RJ,Brazil,20040-020,3.96
12,Roberto Almeida,Riotur,"Praça Pio X, 119",Rio de Janeiro,RJ,Brazil,20040-020,+55 (21) 2271-7000,+55 (21) 2271-7070,roberto.almeida@riotur.gov.br,395,2013-10-05,"Praça Pio X, 119",Rio de Janeiro,RJ,Brazil,20040-020,5.94
13,Fernanda Ramos,,Qe 7 Bloco G,Brasília,DF,Brazil,71020-677,+55 (61) 3363-5547,+55 (61) 3363-7855,fernadaramos4@uol.com.br,35,2009-06-05,Qe 7 Bloco G,Brasília,DF,Brazil,71020-677,1.98
13,Fernanda Ramos,,Qe 7 Bloco G,Brasília,DF,Brazil,71020-677,+55 (61) 3363-5547,+55 (61) 3363-7855,fernadaramos4@uol.com.br,58,2009-09-07,Qe 7 Bloco G,Brasília,DF,Brazil,71020-677,3.96
13,Fernanda Ramos,,Qe 7 Bloco G,Brasília,DF,Brazil,71020-677,+55 (61) 3363-5547,+55 (61) 3363-7855,fernadaramos4@uol.com.br,80,2009-12-10,Qe 7 Bloco G,Brasília,DF,Brazil,71020-677,5.94
13,Fernanda Ramos,,Qe 7 Bloco G,Brasília,DF,Brazil,71020-677,+55 (61) 3363-5547,+55 (61) 3363-7855,fernadaramos4@uol.com.br,132,2010-07-31,Qe 7 Bloco G,Brasília,DF,Brazil,71020-677,0.99
13,Fernanda Ramos,,Qe 7 Bloco G,Brasília,DF,Brazil,71020-677,+55 (61) 3363-5547,+55 (61) 3363-7855,fernadaramos4@uol.com.br,253,2012-01-22,Qe 7 Bloco G,Brasília,DF,Brazil,71020-677,1.98
13,Fernanda Ramos,,Qe 7 Bloco G,Brasília,DF,Brazil,71020-677,+55 (61) 3363-5547,+55 (61) 3363-7855,fernadaramos4@uol.com.br,264,2012-03-03,Qe 7 Bloco G,Brasília,DF,Brazil,71020-677,13.86
13,Fernanda Ramos,,Qe 7 Bloco G,Brasília,DF,Brazil,71020-677,+55 (61) 3363-5547,+55 (61) 3363-7855,fernadaramos4@uol.com.br,319,2012-11-01,Qe 7 Bloco G,Brasília,DF,Brazil,71020-677,8.91
14,Mark Philips,Telus,8210 111 ST NW,Edmonton,AB,Canada,T6G 2C7,+1 (780) 434-4554,+1 (780) 434-5565,mphilips12@shaw.ca,4,2009-01-06,8210 111 ST NW,Edmonton,AB,Canada,T6G 2C7,8.91
14,Mark Philips,Telus,8210 111 ST NW,Edmonton,AB,Canada,T6G 2C7,+1 (780) 434-4554,+1 (780) 434-5565,mphilips12@shaw.ca,133,2010-08-13,8210 111 ST NW,Edmonton,AB,Canada,T6G 2C7,1.98
14,Mark Philips,Telus,8210 111 ST NW,Edmonton,AB,Canada,T6G 2C7,+1 (780) 434-4554,+1 (780) 434-5565,mphilips12@shaw.ca,156,2010-11-15,8210 111 ST NW,Edmonton,AB,Canada,T6G 2C7,3.96
14,Mark Philips,Telus,8210 111 ST NW,Edmonton,AB,Canada,T6G 2C7,+1 (780) 434-4554,+1 (780) 434-5565,mphilips12@shaw.ca,178,2011-02-17,8210 111 ST NW,Edmonton,AB,Canada,T6G 2C7,5.94
14,Mark Philips,Telus,8210 111 ST NW,Edmonton,AB,Canada,T6G 2C7,+1 (780) 434-4554,+1 (780) 434-5565,mphilips12@shaw.ca,230,2011-10-08,8210 111 ST NW,Edmonton,AB,Canada,T6G 2C7,0.99
14,Mark Philips,Telus,8210 111 ST NW,Edmonton,AB,Canada,T6G 2C7,+1 (780) 434-4554,+1 (780) 434-5565,mphilips12@shaw.ca,351,2013-03-31,8210 111 ST NW,Edmonton,AB,Canada,T6G 2C7,1.98
14,Mark Philips,Telus,8210 111 ST NW,Edmonton,AB,Canada,T6G 2C7,+1 (780) 434-4554,+1 (780) 434-5565,mphilips12@shaw.ca,362,2013-05-11,8210 111 ST NW,Edmonton,AB,Canada,T6G 2C7,13.86
15,Jennifer Peterson,Rogers Canada,700 W Pender Street,Vancouver,BC,Canada,V6C 1G8,+1 (604) 688-2255,+1 (604) 688-8756,jenniferp@rogers.ca,36,2009-06-05,700 W Pender Street,Vancouver,BC,Canada,V6C 1G8,1.98
15,Jennifer Peterson,Rogers Canada,700 W Pender Street,Vancouver,BC,Canada,V6C 1G8,+1 (604) 688-2255,+1 (604) 688-8756,jenniferp@rogers.ca,47,2009-07-16,700 W Pender Street,Vancouver,BC,Canada,V6C 1G8,13.86
15,Jennifer Peterson,Rogers Canada,700 W Pender Street,Vancouver,BC,Canada,V6C 1G8,+1 (604) 688-2255,+1 (604) 688-8756,jenniferp@rogers.ca,102,2010-03-16,700 W Pender Street,Vancouver,BC,Canada,V6C 1G8,9.91
15,Jennifer Peterson,Rogers Canada,700 W Pender Street,Vancouver,BC,Canada,V6C 1G8,+1 (604) 688-2255,+1 (604) 688-8756,jenniferp@rogers.ca,231,2011-10-21,700 W Pender Street,Vancouver,BC,Canada,V6C 1G8,1.98
15,Jennifer Peterson,Rogers Canada,700 W Pender Street,Vancouver,BC,Canada,V6C 1G8,+1 (604) 688-2255,+1 (604) 688-8756,jenniferp@rogers.ca,254,2012-01-23,700 W Pender Street,Vancouver,BC,Canada,V6C 1G8,3.96
15,Jennifer Peterson,Rogers Canada,700 W Pender Street,Vancouver,BC,Canada,V6C 1G8,+1 (604) 688-2255,+1 (604) 688-8756,jenniferp@rogers.ca,276,2012-04-26,700 W Pender Street,Vancouver,BC,Canada,V6C 1G8,5.94
15,Jennifer Peterson,Rogers Canada,700 W Pender Street,Vancouver,BC,Canada,V6C 1G8,+1 (604) 688-2255,+1 (604) 688-8756,jenniferp@rogers.ca,328,2012-12-15,700 W Pender Street,Vancouver,BC,Canada,V6C 1G8,0.99
16,Frank Harris,Google Inc.,1600 Amphitheatre Parkway,Mountain View,CA,USA,94043-1351,+1 (650) 253-0000,+1 (650) 253-0000,fharris@google.com,13,2009-02-19,1600 Amphitheatre Parkway,Mountain View,CA,USA,94043-1351,0.99
16,Frank Harris,Google Inc.,1600 Amphitheatre Parkway,Mountain View,CA,USA,94043-1351,+1 (650) 253-0000,+1 (650) 253-0000,fharris@google.com,134,2010-08-13,1600 Amphitheatre Parkway,Mountain View,CA,USA,94043-1351,1.98
16,Frank Harris,Google Inc.,1600 Amphitheatre Parkway,Mountain View,CA,USA,94043-1351,+1 (650) 253-0000,+1 (650) 253-0000,fharris@google.com,145,2010-09-23,1600 Amphitheatre Parkway,Mountain View,CA,USA,94043-1351,13.86
16,Frank Harris,Google Inc.,1600 Amphitheatre Parkway,Mountain View,CA,USA,94043-1351,+1 (650) 253-0000,+1 (650) 253-0000,fharris@google.com,200,2011-05-24,1600 Amphitheatre Parkway,Mountain View,CA,USA,94043-1351,8.91
16,Frank Harris,Google Inc.,1600 Amphitheatre Parkway,Mountain View,CA,USA,94043-1351,+1 (650) 253-0000,+1 (650) 253-0000,fharris@google.com,329,2012-12-28,1600 Amphitheatre Parkway,Mountain View,CA,USA,94043-1351,1.98
16,Frank Harris,Google Inc.,1600 Amphitheatre Parkway,Mountain View,CA,USA,94043-1351,+1 (650) 253-0000,+1 (650) 253-0000,fharris@google.com,352,2013-04-01,1600 Amphitheatre Parkway,Mountain View,CA,USA,94043-1351,3.96
16,Frank Harris,Google Inc.,1600 Amphitheatre Parkway,Mountain View,CA,USA,94043-1351,+1 (650) 253-0000,+1 (650) 253-0000,fharris@google.com,374,2013-07-04,1600 Amphitheatre Parkway,Mountain View,CA,USA,94043-1351,5.94
17,Jack Smith,Microsoft Corporation,1 Microsoft Way,Redmond,WA,USA,98052-8300,+1 (425) 882-8080,+1 (425) 882-8081,jacksmith@microsoft.com,14,2009-03-04,1 Microsoft Way,Redmond,WA,USA,98052-8300,1.98
17,Jack Smith,Microsoft Corporation,1 Microsoft Way,Redmond,WA,USA,98052-8300,+1 (425) 882-8080,+1 (425) 882-8081,jacksmith@microsoft.com,37,2009-06-06,1 Microsoft Way,Redmond,WA,USA,98052-8300,3.96
17,Jack Smith,Microsoft Corporation,1 Microsoft Way,Redmond,WA,USA,98052-8300,+1 (425) 882-8080,+1 (425) 882-8081,jacksmith@microsoft.com,59,2009-09-08,1 Microsoft Way,Redmond,WA,USA,98052-8300,5.94
17,Jack Smith,Microsoft Corporation,1 Microsoft Way,Redmond,WA,USA,98052-8300,+1 (425) 882-8080,+1 (425) 882-8081,jacksmith@microsoft.com,111,2010-04-29,1 Microsoft Way,Redmond,WA,USA,98052-8300,0.99
17,Jack Smith,Microsoft Corporation,1 Microsoft Way,Redmond,WA,USA,98052-8300,+1 (425) 882-8080,+1 (425) 882-8081,jacksmith@microsoft.com,232,2011-10-21,1 Microsoft Way,Redmond,WA,USA,98052-8300,1.98
17,Jack Smith,Microsoft Corporation,1 Microsoft Way,Redmond,WA,USA,98052-8300,+1 (425) 882-8080,+1 (425) 882-8081,jacksmith@microsoft.com,243,2011-12-01,1 Microsoft Way,Redmond,WA,USA,98052-8300,13.86
17,Jack Smith,Microsoft Corporation,1 Microsoft Way,Redmond,WA,USA,98052-8300,+1 (425) 882-8080,+1 (425) 882-8081,jacksmith@microsoft.com,298,2012-07-31,1 Microsoft Way,Redmond,WA,USA,98052-8300,10.91
18,Michelle Brooks,,627 Broadway,New York,NY,USA,10012-2612,+1 (212) 221-3546,+1 (212) 221-4679,michelleb@aol.com,112,2010-05-12,627 Broadway,New York,NY,USA,10012-2612,1.98
18,Michelle Brooks,,627 Broadway,New York,NY,USA,10012-2612,+1 (212) 221-3546,+1 (212) 221-4679,michelleb@aol.com,135,2010-08-14,627 Broadway,New York,NY,USA,10012-2612,3.96
18,Michelle Brooks,,627 Broadway,New York,NY,USA,10012-2612,+1 (212) 221-3546,+1 (212) 221-4679,michelleb@aol.com,157,2010-11-16,627 Broadway,New York,NY,USA,10012-2612,5.94
18,Michelle Brooks,,627 Broadway,New York,NY,USA,10012-2612,+1 (212) 221-3546,+1 (212) 221-4679,michelleb@aol.com,209,2011-07-07,627 Broadway,New York,NY,USA,10012-2612,0.99
18,Michelle Brooks,,627 Broadway,New York,NY,USA,10012-2612,+1 (212) 221-3546,+1 (212) 221-4679,michelleb@aol.com,330,2012-12-28,627 Broadway,New York,NY,USA,10012-2612,1.98
18,Michelle Brooks,,627 Broadway,New York,NY,USA,10012-2612,+1 (212) 221-3546,+1 (212) 221-4679,michelleb@aol.com,341,2013-02-07,627 Broadway,New York,NY,USA,10012-2612,13.86
18,Michelle Brooks,,627 Broadway,New York,NY,USA,10012-2612,+1 (212) 221-3546,+1 (212) 221-4679,michelleb@aol.com,396,2013-10-08,627 Broadway,New York,NY,USA,10012-2612,8.91
19,Tim Goyer,Apple Inc.,1 Infinite Loop,Cupertino,CA,USA,95014,+1 (408) 996-1010,+1 (408) 996-1011,tgoyer@apple.com,15,2009-03-04,1 Infinite Loop,Cupertino,CA,USA,95014,1.98
19,Tim Goyer,Apple Inc.,1 Infinite Loop,Cupertino,CA,USA,95014,+1 (408) 996-1010,+1 (408) 996-1011,tgoyer@apple.com,26,2009-04-14,1 Infinite Loop,Cupertino,CA,USA,95014,13.86
19,Tim Goyer,Apple Inc.,1 Infinite Loop,Cupertino,CA,USA,95014,+1 (408) 996-1010,+1 (408) 996-1011,tgoyer@apple.com,81,2009-12-13,1 Infinite Loop,Cupertino,CA,USA,95014,8.91
19,Tim Goyer,Apple Inc.,1 Infinite Loop,Cupertino,CA,USA,95014,+1 (408) 996-1010,+1 (408) 996-1011,tgoyer@apple.com,210,2011-07-20,1 Infinite Loop,Cupertino,CA,USA,95014,1.98
19,Tim Goyer,Apple Inc.,1 Infinite Loop,Cupertino,CA,USA,95014,+1 (408) 996-1010,+1 (408) 996-1011,tgoyer@apple.com,233,2011-10-22,1 Infinite Loop,Cupertino,CA,USA,95014,3.96
19,Tim Goyer,Apple Inc.,1 Infinite Loop,Cupertino,CA,USA,95014,+1 (408) 996-1010,+1 (408) 996-1011,tgoyer@apple.com,255,2012-01-24,1 Infinite Loop,Cupertino,CA,USA,95014,5.94
19,Tim Goyer,Apple Inc.,1 Infinite Loop,Cupertino,CA,USA,95014,+1 (408) 996-1010,+1 (408) 996-1011,tgoyer@apple.com,307,2012-09-13,1 Infinite Loop,Cupertino,CA,USA,95014,1.99
20,Dan Miller,,541 Del Medio Avenue,Mountain View,CA,USA,94040-111,+1 (650) 644-3358,,dmiller@comcast.com,113,2010-05-12,541 Del Medio Avenue,Mountain View,CA,USA,94040-111,1.98
20,Dan Miller,,541 Del Medio Avenue,Mountain View,CA,USA,94040-111,+1 (650) 644-3358,,dmiller@comcast.com,124,2010-06-22,541 Del Medio Avenue,Mountain View,CA,USA,94040-111,13.86
20,Dan Miller,,541 Del Medio Avenue,Mountain View,CA,USA,94040-111,+1 (650) 644-3358,,dmiller@comcast.com,179,2011-02-20,541 Del Medio Avenue,Mountain View,CA,USA,94040-111,8.91
20,Dan Miller,,541 Del Medio Avenue,Mountain View,CA,USA,94040-111,+1 (650) 644-3358,,dmiller@comcast.com,308,2012-09-26,541 Del Medio Avenue,Mountain View,CA,USA,94040-111,3.98
20,Dan Miller,,541 Del Medio Avenue,Mountain View,CA,USA,94040-111,+1 (650) 644-3358,,dmiller@comcast.com,331,2012-12-29,541 Del Medio Avenue,Mountain View,CA,USA,94040-111,3.96
20,Dan Miller,,541 Del Medio Avenue,Mountain View,CA,USA,94040-111,+1 (650) 644-3358,,dmiller@comcast.com,353,2013-04-02,541 Del Medio Avenue,Mountain View,CA,USA,94040-111,5.94
20,Dan Miller,,541 Del Medio Avenue,Mountain View,CA,USA,94040-111,+1 (650) 644-3358,,dmiller@comcast.com,405,2013-11-21,541 Del Medio Avenue,Mountain View,CA,USA,94040-111,0.99
21,Kathy Chase,,801 W 4th Street,Reno,NV,USA,89503,+1 (775) 223-7665,,kachase@hotmail.com,16,2009-03-05,801 W 4th Street,Reno,NV,USA,89503,3.96
21,Kathy Chase,,801 W 4th Street,Reno,NV,USA,89503,+1 (775) 223-7665,,kachase@hotmail.com,38,2009-06-07,801 W 4th Street,Reno,NV,USA,89503,5.94
21,Kathy Chase,,801 W 4th Street,Reno,NV,USA,89503,+1 (775) 223-7665,,kachase@hotmail.com,90,2010-01-26,801 W 4th Street,Reno,NV,USA,89503,0.99
21,Kathy Chase,,801 W 4th Street,Reno,NV,USA,89503,+1 (775) 223-7665,,kachase@hotmail.com,211,2011-07-20,801 W 4th Street,Reno,NV,USA,89503,1.98
21,Kathy Chase,,801 W 4th Street,Reno,NV,USA,89503,+1 (775) 223-7665,,kachase@hotmail.com,222,2011-08-30,801 W 4th Street,Reno,NV,USA,89503,13.86
21,Kathy Chase,,801 W 4th Street,Reno,NV,USA,89503,+1 (775) 223-7665,,kachase@hotmail.com,277,2012-04-29,801 W 4th Street,Reno,NV,USA,89503,8.91
21,Kathy Chase,,801 W 4th Street,Reno,NV,USA,89503,+1 (775) 223-7665,,kachase@hotmail.com,406,2013-12-04,801 W 4th Street,Reno,NV,USA,89503,1.98
22,Heather Leacock,,120 S Orange Ave,Orlando,FL,USA,32801,+1 (407) 999-7788,,hleacock@gmail.com,91,2010-02-08,120 S Orange Ave,Orlando,FL,USA,32801,1.98
22,Heather Leacock,,120 S Orange Ave,Orlando,FL,USA,32801,+1 (407) 999-7788,,hleacock@gmail.com,114,2010-05-13,120 S Orange Ave,Orlando,FL,USA,32801,3.96
22,Heather Leacock,,120 S Orange Ave,Orlando,FL,USA,32801,+1 (407) 999-7788,,hleacock@gmail.com,136,2010-08-15,120 S Orange Ave,Orlando,FL,USA,32801,5.94
22,Heather Leacock,,120 S Orange Ave,Orlando,FL,USA,32801,+1 (407) 999-7788,,hleacock@gmail.com,188,2011-04-05,120 S Orange Ave,Orlando,FL,USA,32801,0.99
22,Heather Leacock,,120 S Orange Ave,Orlando,FL,USA,32801,+1 (407) 999-7788,,hleacock@gmail.com,309,2012-09-26,120 S Orange Ave,Orlando,FL,USA,32801,3.98
22,Heather Leacock,,120 S Orange Ave,Orlando,FL,USA,32801,+1 (407) 999-7788,,hleacock@gmail.com,320,2012-11-06,120 S Orange Ave,Orlando,FL,USA,32801,13.86
22,Heather Leacock,,120 S Orange Ave,Orlando,FL,USA,32801,+1 (407) 999-7788,,hleacock@gmail.com,375,2013-07-07,120 S Orange Ave,Orlando,FL,USA,32801,8.91
23,John Gordon,,69 Salem Street,Boston,MA,USA,2113,+1 (617) 522-1333,,johngordon22@yahoo.com,5,2009-01-11,69 Salem Street,Boston,MA,USA,2113,13.86
23,John Gordon,,69 Salem Street,Boston,MA,USA,2113,+1 (617) 522-1333,,johngordon22@yahoo.com,60,2009-09-11,69 Salem Street,Boston,MA,USA,2113,8.91
23,John Gordon,,69 Salem Street,Boston,MA,USA,2113,+1 (617) 522-1333,,johngordon22@yahoo.com,189,2011-04-18,69 Salem Street,Boston,MA,USA,2113,1.98
23,John Gordon,,69 Salem Street,Boston,MA,USA,2113,+1 (617) 522-1333,,johngordon22@yahoo.com,212,2011-07-21,69 Salem Street,Boston,MA,USA,2113,3.96
23,John Gordon,,69 Salem Street,Boston,MA,USA,2113,+1 (617) 522-1333,,johngordon22@yahoo.com,234,2011-10-23,69 Salem Street,Boston,MA,USA,2113,5.94
23,John Gordon,,69 Salem Street,Boston,MA,USA,2113,+1 (617) 522-1333,,johngordon22@yahoo.com,286,2012-06-12,69 Salem Street,Boston,MA,USA,2113,0.99
23,John Gordon,,69 Salem Street,Boston,MA,USA,2113,+1 (617) 522-1333,,johngordon22@yahoo.com,407,2013-12-04,69 Salem Street,Boston,MA,USA,2113,1.98
24,Frank Ralston,,162 E Superior Street,Chicago,IL,USA,60611,+1 (312) 332-3232,,fralston@gmail.com,92,2010-02-08,162 E Superior Street,Chicago,IL,USA,60611,1.98
24,Frank Ralston,,162 E Superior Street,Chicago,IL,USA,60611,+1 (312) 332-3232,,fralston@gmail.com,103,2010-03-21,162 E Superior Street,Chicago,IL,USA,60611,15.86
24,Frank Ralston,,162 E Superior Street,Chicago,IL,USA,60611,+1 (312) 332-3232,,fralston@gmail.com,158,2010-11-19,162 E Superior Street,Chicago,IL,USA,60611,8.91
24,Frank Ralston,,162 E Superior Street,Chicago,IL,USA,60611,+1 (312) 332-3232,,fralston@gmail.com,287,2012-06-25,162 E Superior Street,Chicago,IL,USA,60611,1.98
24,Frank Ralston,,162 E Superior Street,Chicago,IL,USA,60611,+1 (312) 332-3232,,fralston@gmail.com,310,2012-09-27,162 E Superior Street,Chicago,IL,USA,60611,7.96
24,Frank Ralston,,162 E Superior Street,Chicago,IL,USA,60611,+1 (312) 332-3232,,fralston@gmail.com,332,2012-12-30,162 E Superior Street,Chicago,IL,USA,60611,5.94
24,Frank Ralston,,162 E Superior Street,Chicago,IL,USA,60611,+1 (312) 332-3232,,fralston@gmail.com,384,2013-08-20,162 E Superior Street,Chicago,IL,USA,60611,0.99
25,Victor Stevens,,319 N. Frances Street,Madison,WI,USA,53703,+1 (608) 257-0597,,vstevens@yahoo.com,17,2009-03-06,319 N. Frances Street,Madison,WI,USA,53703,5.94
25,Victor Stevens,,319 N. Frances Street,Madison,WI,USA,53703,+1 (608) 257-0597,,vstevens@yahoo.com,69,2009-10-25,319 N. Frances Street,Madison,WI,USA,53703,0.99
25,Victor Stevens,,319 N. Frances Street,Madison,WI,USA,53703,+1 (608) 257-0597,,vstevens@yahoo.com,190,2011-04-18,319 N. Frances Street,Madison,WI,USA,53703,1.98
25,Victor Stevens,,319 N. Frances Street,Madison,WI,USA,53703,+1 (608) 257-0597,,vstevens@yahoo.com,201,2011-05-29,319 N. Frances Street,Madison,WI,USA,53703,18.86
25,Victor Stevens,,319 N. Frances Street,Madison,WI,USA,53703,+1 (608) 257-0597,,vstevens@yahoo.com,256,2012-01-27,319 N. Frances Street,Madison,WI,USA,53703,8.91
25,Victor Stevens,,319 N. Frances Street,Madison,WI,USA,53703,+1 (608) 257-0597,,vstevens@yahoo.com,385,2013-09-02,319 N. Frances Street,Madison,WI,USA,53703,1.98
25,Victor Stevens,,319 N. Frances Street,Madison,WI,USA,53703,+1 (608) 257-0597,,vstevens@yahoo.com,408,2013-12-05,319 N. Frances Street,Madison,WI,USA,53703,3.96
26,Richard Cunningham,,2211 W Berry Street,Fort Worth,TX,USA,76110,+1 (817) 924-7272,,ricunningham@hotmail.com,70,2009-11-07,2211 W Berry Street,Fort Worth,TX,USA,76110,1.98
26,Richard Cunningham,,2211 W Berry Street,Fort Worth,TX,USA,76110,+1 (817) 924-7272,,ricunningham@hotmail.com,93,2010-02-09,2211 W Berry Street,Fort Worth,TX,USA,76110,3.96
26,Richard Cunningham,,2211 W Berry Street,Fort Worth,TX,USA,76110,+1 (817) 924-7272,,ricunningham@hotmail.com,115,2010-05-14,2211 W Berry Street,Fort Worth,TX,USA,76110,5.94
26,Richard Cunningham,,2211 W Berry Street,Fort Worth,TX,USA,76110,+1 (817) 924-7272,,ricunningham@hotmail.com,167,2011-01-02,2211 W Berry Street,Fort Worth,TX,USA,76110,0.99
26,Richard Cunningham,,2211 W Berry Street,Fort Worth,TX,USA,76110,+1 (817) 924-7272,,ricunningham@hotmail.com,288,2012-06-25,2211 W Berry Street,Fort Worth,TX,USA,76110,1.98
26,Richard Cunningham,,2211 W Berry Street,Fort Worth,TX,USA,76110,+1 (817) 924-7272,,ricunningham@hotmail.com,299,2012-08-05,2211 W Berry Street,Fort Worth,TX,USA,76110,23.86
26,Richard Cunningham,,2211 W Berry Street,Fort Worth,TX,USA,76110,+1 (817) 924-7272,,ricunningham@hotmail.com,354,2013-04-05,2211 W Berry Street,Fort Worth,TX,USA,76110,8.91
27,Patrick Gray,,1033 N Park Ave,Tucson,AZ,USA,85719,+1 (520) 622-4200,,patrick.gray@aol.com,39,2009-06-10,1033 N Park Ave,Tucson,AZ,USA,85719,8.91
27,Patrick Gray,,1033 N Park Ave,Tucson,AZ,USA,85719,+1 (520) 622-4200,,patrick.gray@aol.com,168,2011-01-15,1033 N Park Ave,Tucson,AZ,USA,85719,1.98
27,Patrick Gray,,1033 N Park Ave,Tucson,AZ,USA,85719,+1 (520) 622-4200,,patrick.gray@aol.com,191,2011-04-19,1033 N Park Ave,Tucson,AZ,USA,85719,3.96
27,Patrick Gray,,1033 N Park Ave,Tucson,AZ,USA,85719,+1 (520) 622-4200,,patrick.gray@aol.com,213,2011-07-22,1033 N Park Ave,Tucson,AZ,USA,85719,5.94
27,Patrick Gray,,1033 N Park Ave,Tucson,AZ,USA,85719,+1 (520) 622-4200,,patrick.gray@aol.com,265,2012-03-11,1033 N Park Ave,Tucson,AZ,USA,85719,0.99
27,Patrick Gray,,1033 N Park Ave,Tucson,AZ,USA,85719,+1 (520) 622-4200,,patrick.gray@aol.com,386,2013-09-02,1033 N Park Ave,Tucson,AZ,USA,85719,1.98
27,Patrick Gray,,1033 N Park Ave,Tucson,AZ,USA,85719,+1 (520) 622-4200,,patrick.gray@aol.com,397,2013-10-13,1033 N Park Ave,Tucson,AZ,USA,85719,13.86
28,Julia Barnett,,302 S 700 E,Salt Lake City,UT,USA,84102,+1 (801) 531-7272,,jubarnett@gmail.com,71,2009-11-07,302 S 700 E,Salt Lake City,UT,USA,84102,1.98
28,Julia Barnett,,302 S 700 E,Salt Lake City,UT,USA,84102,+1 (801) 531-7272,,jubarnett@gmail.com,82,2009-12-18,302 S 700 E,Salt Lake City,UT,USA,84102,13.86
28,Julia Barnett,,302 S 700 E,Salt Lake City,UT,USA,84102,+1 (801) 531-7272,,jubarnett@gmail.com,137,2010-08-18,302 S 700 E,Salt Lake City,UT,USA,84102,8.91
28,Julia Barnett,,302 S 700 E,Salt Lake City,UT,USA,84102,+1 (801) 531-7272,,jubarnett@gmail.com,266,2012-03-24,302 S 700 E,Salt Lake City,UT,USA,84102,1.98
28,Julia Barnett,,302 S 700 E,Salt Lake City,UT,USA,84102,+1 (801) 531-7272,,jubarnett@gmail.com,289,2012-06-26,302 S 700 E,Salt Lake City,UT,USA,84102,3.96
28,Julia Barnett,,302 S 700 E,Salt Lake City,UT,USA,84102,+1 (801) 531-7272,,jubarnett@gmail.com,311,2012-09-28,302 S 700 E,Salt Lake City,UT,USA,84102,11.94
28,Julia Barnett,,302 S 700 E,Salt Lake City,UT,USA,84102,+1 (801) 531-7272,,jubarnett@gmail.com,363,2013-05-19,302 S 700 E,Salt Lake City,UT,USA,84102,0.99
29,Robert Brown,,796 Dundas Street West,Toronto,ON,Canada,M6J 1V1,+1 (416) 363-8888,,robbrown@shaw.ca,48,2009-07-24,796 Dundas Street West,Toronto,ON,Canada,M6J 1V1,0.99
29,Robert Brown,,796 Dundas Street West,Toronto,ON,Canada,M6J 1V1,+1 (416) 363-8888,,robbrown@shaw.ca,169,2011-01-15,796 Dundas Street West,Toronto,ON,Canada,M6J 1V1,1.98
29,Robert Brown,,796 Dundas Street West,Toronto,ON,Canada,M6J 1V1,+1 (416) 363-8888,,robbrown@shaw.ca,180,2011-02-25,796 Dundas Street West,Toronto,ON,Canada,M6J 1V1,13.86
29,Robert Brown,,796 Dundas Street West,Toronto,ON,Canada,M6J 1V1,+1 (416) 363-8888,,robbrown@shaw.ca,235,2011-10-26,796 Dundas Street West,Toronto,ON,Canada,M6J 1V1,8.91
29,Robert Brown,,796 Dundas Street West,Toronto,ON,Canada,M6J 1V1,+1 (416) 363-8888,,robbrown@shaw.ca,364,2013-06-01,796 Dundas Street West,Toronto,ON,Canada,M6J 1V1,1.98
29,Robert Brown,,796 Dundas Street West,Toronto,ON,Canada,M6J 1V1,+1 (416) 363-8888,,robbrown@shaw.ca,387,2013-09-03,796 Dundas Street West,Toronto,ON,Canada,M6J 1V1,3.96
29,Robert Brown,,796 Dundas Street West,Toronto,ON,Canada,M6J 1V1,+1 (416) 363-8888,,robbrown@shaw.ca,409,2013-12-06,796 Dundas Street West,Toronto,ON,Canada,M6J 1V1,5.94
30,Edward Francis,,230 Elgin Street,Ottawa,ON,Canada,K2P 1L7,+1 (613) 234-3322,,edfrancis@yachoo.ca,49,2009-08-06,230 Elgin Street,Ottawa,ON,Canada,K2P 1L7,1.98
30,Edward Francis,,230 Elgin Street,Ottawa,ON,Canada,K2P 1L7,+1 (613) 234-3322,,edfrancis@yachoo.ca,72,2009-11-08,230 Elgin Street,Ottawa,ON,Canada,K2P 1L7,3.96
30,Edward Francis,,230 Elgin Street,Ottawa,ON,Canada,K2P 1L7,+1 (613) 234-3322,,edfrancis@yachoo.ca,94,2010-02-10,230 Elgin Street,Ottawa,ON,Canada,K2P 1L7,5.94
30,Edward Francis,,230 Elgin Street,Ottawa,ON,Canada,K2P 1L7,+1 (613) 234-3322,,edfrancis@yachoo.ca,146,2010-10-01,230 Elgin Street,Ottawa,ON,Canada,K2P 1L7,0.99
30,Edward Francis,,230 Elgin Street,Ottawa,ON,Canada,K2P 1L7,+1 (613) 234-3322,,edfrancis@yachoo.ca,267,2012-03-24,230 Elgin Street,Ottawa,ON,Canada,K2P 1L7,1.98
30,Edward Francis,,230 Elgin Street,Ottawa,ON,Canada,K2P 1L7,+1 (613) 234-3322,,edfrancis@yachoo.ca,278,2012-05-04,230 Elgin Street,Ottawa,ON,Canada,K2P 1L7,13.86
30,Edward Francis,,230 Elgin Street,Ottawa,ON,Canada,K2P 1L7,+1 (613) 234-3322,,edfrancis@yachoo.ca,333,2013-01-02,230 Elgin Street,Ottawa,ON,Canada,K2P 1L7,8.91
31,Martha Silk,,194A Chain Lake Drive,Halifax,NS,Canada,B3S 1C5,+1 (902) 450-0450,,marthasilk@gmail.com,18,2009-03-09,194A Chain Lake Drive,Halifax,NS,Canada,B3S 1C5,8.91
31,Martha Silk,,194A Chain Lake Drive,Halifax,NS,Canada,B3S 1C5,+1 (902) 450-0450,,marthasilk@gmail.com,147,2010-10-14,194A Chain Lake Drive,Halifax,NS,Canada,B3S 1C5,1.98
31,Martha Silk,,194A Chain Lake Drive,Halifax,NS,Canada,B3S 1C5,+1 (902) 450-0450,,marthasilk@gmail.com,170,2011-01-16,194A Chain Lake Drive,Halifax,NS,Canada,B3S 1C5,3.96
31,Martha Silk,,194A Chain Lake Drive,Halifax,NS,Canada,B3S 1C5,+1 (902) 450-0450,,marthasilk@gmail.com,192,2011-04-20,194A Chain Lake Drive,Halifax,NS,Canada,B3S 1C5,5.94
31,Martha Silk,,194A Chain Lake Drive,Halifax,NS,Canada,B3S 1C5,+1 (902) 450-0450,,marthasilk@gmail.com,244,2011-12-09,194A Chain Lake Drive,Halifax,NS,Canada,B3S 1C5,0.99
31,Martha Silk,,194A Chain Lake Drive,Halifax,NS,Canada,B3S 1C5,+1 (902) 450-0450,,marthasilk@gmail.com,365,2013-06-01,194A Chain Lake Drive,Halifax,NS,Canada,B3S 1C5,1.98
31,Martha Silk,,194A Chain Lake Drive,Halifax,NS,Canada,B3S 1C5,+1 (902) 450-0450,,marthasilk@gmail.com,376,2013-07-12,194A Chain Lake Drive,Halifax,NS,Canada,B3S 1C5,13.86
32,Aaron Mitchell,,696 Osborne Street,Winnipeg,MB,Canada,R3L 2B9,+1 (204) 452-6452,,aaronmitchell@yahoo.ca,50,2009-08-06,696 Osborne Street,Winnipeg,MB,Canada,R3L 2B9,1.98
32,Aaron Mitchell,,696 Osborne Street,Winnipeg,MB,Canada,R3L 2B9,+1 (204) 452-6452,,aaronmitchell@yahoo.ca,61,2009-09-16,696 Osborne Street,Winnipeg,MB,Canada,R3L 2B9,13.86
32,Aaron Mitchell,,696 Osborne Street,Winnipeg,MB,Canada,R3L 2B9,+1 (204) 452-6452,,aaronmitchell@yahoo.ca,116,2010-05-17,696 Osborne Street,Winnipeg,MB,Canada,R3L 2B9,8.91
32,Aaron Mitchell,,696 Osborne Street,Winnipeg,MB,Canada,R3L 2B9,+1 (204) 452-6452,,aaronmitchell@yahoo.ca,245,2011-12-22,696 Osborne Street,Winnipeg,MB,Canada,R3L 2B9,1.98
32,Aaron Mitchell,,696 Osborne Street,Winnipeg,MB,Canada,R3L 2B9,+1 (204) 452-6452,,aaronmitchell@yahoo.ca,268,2012-03-25,696 Osborne Street,Winnipeg,MB,Canada,R3L 2B9,3.96
32,Aaron Mitchell,,696 Osborne Street,Winnipeg,MB,Canada,R3L 2B9,+1 (204) 452-6452,,aaronmitchell@yahoo.ca,290,2012-06-27,696 Osborne Street,Winnipeg,MB,Canada,R3L 2B9,5.94
32,Aaron Mitchell,,696 Osborne Street,Winnipeg,MB,Canada,R3L 2B9,+1 (204) 452-6452,,aaronmitchell@yahoo.ca,342,2013-02-15,696 Osborne Street,Winnipeg,MB,Canada,R3L 2B9,0.99
33,Ellie Sullivan,,5112 48 Street,Yellowknife,NT,Canada,X1A 1N6,+1 (867) 920-2233,,ellie.sullivan@shaw.ca,27,2009-04-22,5112 48 Street,Yellowknife,NT,Canada,X1A 1N6,0.99
33,Ellie Sullivan,,5112 48 Street,Yellowknife,NT,Canada,X1A 1N6,+1 (867) 920-2233,,ellie.sullivan@shaw.ca,148,2010-10-14,5112 48 Street,Yellowknife,NT,Canada,X1A 1N6,1.98
33,Ellie Sullivan,,5112 48 Street,Yellowknife,NT,Canada,X1A 1N6,+1 (867) 920-2233,,ellie.sullivan@shaw.ca,159,2010-11-24,5112 48 Street,Yellowknife,NT,Canada,X1A 1N6,13.86
33,Ellie Sullivan,,5112 48 Street,Yellowknife,NT,Canada,X1A 1N6,+1 (867) 920-2233,,ellie.sullivan@shaw.ca,214,2011-07-25,5112 48 Street,Yellowknife,NT,Canada,X1A 1N6,8.91
33,Ellie Sullivan,,5112 48 Street,Yellowknife,NT,Canada,X1A 1N6,+1 (867) 920-2233,,ellie.sullivan@shaw.ca,343,2013-02-28,5112 48 Street,Yellowknife,NT,Canada,X1A 1N6,1.98
33,Ellie Sullivan,,5112 48 Street,Yellowknife,NT,Canada,X1A 1N6,+1 (867) 920-2233,,ellie.sullivan@shaw.ca,366,2013-06-02,5112 48 Street,Yellowknife,NT,Canada,X1A 1N6,3.96
33,Ellie Sullivan,,5112 48 Street,Yellowknife,NT,Canada,X1A 1N6,+1 (867) 920-2233,,ellie.sullivan@shaw.ca,388,2013-09-04,5112 48 Street,Yellowknife,NT,Canada,X1A 1N6,5.94
34,João Fernandes,,Rua da Assunção 53,Lisbon,,Portugal,,+351 (213) 466-111,,jfernandes@yahoo.pt,28,2009-05-05,Rua da Assunção 53,Lisbon,,Portugal,,1.98
34,João Fernandes,,Rua da Assunção 53,Lisbon,,Portugal,,+351 (213) 466-111,,jfernandes@yahoo.pt,51,2009-08-07,Rua da Assunção 53,Lisbon,,Portugal,,3.96
34,João Fernandes,,Rua da Assunção 53,Lisbon,,Portugal,,+351 (213) 466-111,,jfernandes@yahoo.pt,73,2009-11-09,Rua da Assunção 53,Lisbon,,Portugal,,5.94
34,João Fernandes,,Rua da Assunção 53,Lisbon,,Portugal,,+351 (213) 466-111,,jfernandes@yahoo.pt,125,2010-06-30,Rua da Assunção 53,Lisbon,,Portugal,,0.99
34,João Fernandes,,Rua da Assunção 53,Lisbon,,Portugal,,+351 (213) 466-111,,jfernandes@yahoo.pt,246,2011-12-22,Rua da Assunção 53,Lisbon,,Portugal,,1.98
34,João Fernandes,,Rua da Assunção 53,Lisbon,,Portugal,,+351 (213) 466-111,,jfernandes@yahoo.pt,257,2012-02-01,Rua da Assunção 53,Lisbon,,Portugal,,13.86
34,João Fernandes,,Rua da Assunção 53,Lisbon,,Portugal,,+351 (213) 466-111,,jfernandes@yahoo.pt,312,2012-10-01,Rua da Assunção 53,Lisbon,,Portugal,,10.91
35,Madalena Sampaio,,"Rua dos Campeões Europeus de Viena, 4350",Porto,,Portugal,,+351 (225) 022-448,,masampaio@sapo.pt,126,2010-07-13,"Rua dos Campeões Europeus de Viena, 4350",Porto,,Portugal,,1.98
35,Madalena Sampaio,,"Rua dos Campeões Europeus de Viena, 4350",Porto,,Portugal,,+351 (225) 022-448,,masampaio@sapo.pt,149,2010-10-15,"Rua dos Campeões Europeus de Viena, 4350",Porto,,Portugal,,3.96
35,Madalena Sampaio,,"Rua dos Campeões Europeus de Viena, 4350",Porto,,Portugal,,+351 (225) 022-448,,masampaio@sapo.pt,171,2011-01-17,"Rua dos Campeões Europeus de Viena, 4350",Porto,,Portugal,,5.94
35,Madalena Sampaio,,"Rua dos Campeões Europeus de Viena, 4350",Porto,,Portugal,,+351 (225) 022-448,,masampaio@sapo.pt,223,2011-09-07,"Rua dos Campeões Europeus de Viena, 4350",Porto,,Portugal,,0.99
35,Madalena Sampaio,,"Rua dos Campeões Europeus de Viena, 4350",Porto,,Portugal,,+351 (225) 022-448,,masampaio@sapo.pt,344,2013-02-28,"Rua dos Campeões Europeus de Viena, 4350",Porto,,Portugal,,1.98
35,Madalena Sampaio,,"Rua dos Campeões Europeus de Viena, 4350",Porto,,Portugal,,+351 (225) 022-448,,masampaio@sapo.pt,355,2013-04-10,"Rua dos Campeões Europeus de Viena, 4350",Porto,,Portugal,,13.86
35,Madalena Sampaio,,"Rua dos Campeões Europeus de Viena, 4350",Porto,,Portugal,,+351 (225) 022-448,,masampaio@sapo.pt,410,2013-12-09,"Rua dos Campeões Europeus de Viena, 4350",Porto,,Portugal,,8.91
36,Hannah Schneider,,Tauentzienstraße 8,Berlin,,Germany,10789,+49 030 26550280,,hannah.schneider@yahoo.de,29,2009-05-05,Tauentzienstraße 8,Berlin,,Germany,10789,1.98
36,Hannah Schneider,,Tauentzienstraße 8,Berlin,,Germany,10789,+49 030 26550280,,hannah.schneider@yahoo.de,40,2009-06-15,Tauentzienstraße 8,Berlin,,Germany,10789,13.86
36,Hannah Schneider,,Tauentzienstraße 8,Berlin,,Germany,10789,+49 030 26550280,,hannah.schneider@yahoo.de,95,2010-02-13,Tauentzienstraße 8,Berlin,,Germany,10789,8.91
36,Hannah Schneider,,Tauentzienstraße 8,Berlin,,Germany,10789,+49 030 26550280,,hannah.schneider@yahoo.de,224,2011-09-20,Tauentzienstraße 8,Berlin,,Germany,10789,1.98
36,Hannah Schneider,,Tauentzienstraße 8,Berlin,,Germany,10789,+49 030 26550280,,hannah.schneider@yahoo.de,247,2011-12-23,Tauentzienstraße 8,Berlin,,Germany,10789,3.96
36,Hannah Schneider,,Tauentzienstraße 8,Berlin,,Germany,10789,+49 030 26550280,,hannah.schneider@yahoo.de,269,2012-03-26,Tauentzienstraße 8,Berlin,,Germany,10789,5.94
36,Hannah Schneider,,Tauentzienstraße 8,Berlin,,Germany,10789,+49 030 26550280,,hannah.schneider@yahoo.de,321,2012-11-14,Tauentzienstraße 8,Berlin,,Germany,10789,0.99
37,Fynn Zimmermann,,Berger Straße 10,Frankfurt,,Germany,60316,+49 069 40598889,,fzimmermann@yahoo.de,6,2009-01-19,Berger Straße 10,Frankfurt,,Germany,60316,0.99
37,Fynn Zimmermann,,Berger Straße 10,Frankfurt,,Germany,60316,+49 069 40598889,,fzimmermann@yahoo.de,127,2010-07-13,Berger Straße 10,Frankfurt,,Germany,60316,1.98
37,Fynn Zimmermann,,Berger Straße 10,Frankfurt,,Germany,60316,+49 069 40598889,,fzimmermann@yahoo.de,138,2010-08-23,Berger Straße 10,Frankfurt,,Germany,60316,13.86
37,Fynn Zimmermann,,Berger Straße 10,Frankfurt,,Germany,60316,+49 069 40598889,,fzimmermann@yahoo.de,193,2011-04-23,Berger Straße 10,Frankfurt,,Germany,60316,14.91
37,Fynn Zimmermann,,Berger Straße 10,Frankfurt,,Germany,60316,+49 069 40598889,,fzimmermann@yahoo.de,322,2012-11-27,Berger Straße 10,Frankfurt,,Germany,60316,1.98
37,Fynn Zimmermann,,Berger Straße 10,Frankfurt,,Germany,60316,+49 069 40598889,,fzimmermann@yahoo.de,345,2013-03-01,Berger Straße 10,Frankfurt,,Germany,60316,3.96
37,Fynn Zimmermann,,Berger Straße 10,Frankfurt,,Germany,60316,+49 069 40598889,,fzimmermann@yahoo.de,367,2013-06-03,Berger Straße 10,Frankfurt,,Germany,60316,5.94
38,Niklas Schröder,,Barbarossastraße 19,Berlin,,Germany,10779,+49 030 2141444,,nschroder@surfeu.de,7,2009-02-01,Barbarossastraße 19,Berlin,,Germany,10779,1.98
38,Niklas Schröder,,Barbarossastraße 19,Berlin,,Germany,10779,+49 030 2141444,,nschroder@surfeu.de,30,2009-05-06,Barbarossastraße 19,Berlin,,Germany,10779,3.96
38,Niklas Schröder,,Barbarossastraße 19,Berlin,,Germany,10779,+49 030 2141444,,nschroder@surfeu.de,52,2009-08-08,Barbarossastraße 19,Berlin,,Germany,10779,5.94
38,Niklas Schröder,,Barbarossastraße 19,Berlin,,Germany,10779,+49 030 2141444,,nschroder@surfeu.de,104,2010-03-29,Barbarossastraße 19,Berlin,,Germany,10779,0.99
38,Niklas Schröder,,Barbarossastraße 19,Berlin,,Germany,10779,+49 030 2141444,,nschroder@surfeu.de,225,2011-09-20,Barbarossastraße 19,Berlin,,Germany,10779,1.98
38,Niklas Schröder,,Barbarossastraße 19,Berlin,,Germany,10779,+49 030 2141444,,nschroder@surfeu.de,236,2011-10-31,Barbarossastraße 19,Berlin,,Germany,10779,13.86
38,Niklas Schröder,,Barbarossastraße 19,Berlin,,Germany,10779,+49 030 2141444,,nschroder@surfeu.de,291,2012-06-30,Barbarossastraße 19,Berlin,,Germany,10779,8.91
39,Camille Bernard,,"4, Rue Milton",Paris,,France,75009,+33 01 49 70 65 65,,camille.bernard@yahoo.fr,105,2010-04-11,"4, Rue Milton",Paris,,France,75009,1.98
39,Camille Bernard,,"4, Rue Milton",Paris,,France,75009,+33 01 49 70 65 65,,camille.bernard@yahoo.fr,128,2010-07-14,"4, Rue Milton",Paris,,France,75009,3.96
39,Camille Bernard,,"4, Rue Milton",Paris,,France,75009,+33 01 49 70 65 65,,camille.bernard@yahoo.fr,150,2010-10-16,"4, Rue Milton",Paris,,France,75009,5.94
39,Camille Bernard,,"4, Rue Milton",Paris,,France,75009,+33 01 49 70 65 65,,camille.bernard@yahoo.fr,202,2011-06-06,"4, Rue Milton",Paris,,France,75009,1.99
39,Camille Bernard,,"4, Rue Milton",Paris,,France,75009,+33 01 49 70 65 65,,camille.bernard@yahoo.fr,323,2012-11-27,"4, Rue Milton",Paris,,France,75009,1.98
39,Camille Bernard,,"4, Rue Milton",Paris,,France,75009,+33 01 49 70 65 65,,camille.bernard@yahoo.fr,334,2013-01-07,"4, Rue Milton",Paris,,France,75009,13.86
39,Camille Bernard,,"4, Rue Milton",Paris,,France,75009,+33 01 49 70 65 65,,camille.bernard@yahoo.fr,389,2013-09-07,"4, Rue Milton",Paris,,France,75009,8.91
40,Dominique Lefebvre,,"8, Rue Hanovre",Paris,,France,75002,+33 01 47 42 71 71,,dominiquelefebvre@gmail.com,8,2009-02-01,"8, Rue Hanovre",Paris,,France,75002,1.98
40,Dominique Lefebvre,,"8, Rue Hanovre",Paris,,France,75002,+33 01 47 42 71 71,,dominiquelefebvre@gmail.com,19,2009-03-14,"8, Rue Hanovre",Paris,,France,75002,13.86
40,Dominique Lefebvre,,"8, Rue Hanovre",Paris,,France,75002,+33 01 47 42 71 71,,dominiquelefebvre@gmail.com,74,2009-11-12,"8, Rue Hanovre",Paris,,France,75002,8.91
40,Dominique Lefebvre,,"8, Rue Hanovre",Paris,,France,75002,+33 01 47 42 71 71,,dominiquelefebvre@gmail.com,203,2011-06-19,"8, Rue Hanovre",Paris,,France,75002,2.98
40,Dominique Lefebvre,,"8, Rue Hanovre",Paris,,France,75002,+33 01 47 42 71 71,,dominiquelefebvre@gmail.com,226,2011-09-21,"8, Rue Hanovre",Paris,,France,75002,3.96
40,Dominique Lefebvre,,"8, Rue Hanovre",Paris,,France,75002,+33 01 47 42 71 71,,dominiquelefebvre@gmail.com,248,2011-12-24,"8, Rue Hanovre",Paris,,France,75002,5.94
40,Dominique Lefebvre,,"8, Rue Hanovre",Paris,,France,75002,+33 01 47 42 71 71,,dominiquelefebvre@gmail.com,300,2012-08-13,"8, Rue Hanovre",Paris,,France,75002,0.99
41,Marc Dubois,,"11, Place Bellecour",Lyon,,France,69002,+33 04 78 30 30 30,,marc.dubois@hotmail.com,106,2010-04-11,"11, Place Bellecour",Lyon,,France,69002,1.98
41,Marc Dubois,,"11, Place Bellecour",Lyon,,France,69002,+33 04 78 30 30 30,,marc.dubois@hotmail.com,117,2010-05-22,"11, Place Bellecour",Lyon,,France,69002,13.86
41,Marc Dubois,,"11, Place Bellecour",Lyon,,France,69002,+33 04 78 30 30 30,,marc.dubois@hotmail.com,172,2011-01-20,"11, Place Bellecour",Lyon,,France,69002,8.91
41,Marc Dubois,,"11, Place Bellecour",Lyon,,France,69002,+33 04 78 30 30 30,,marc.dubois@hotmail.com,301,2012-08-26,"11, Place Bellecour",Lyon,,France,69002,1.98
41,Marc Dubois,,"11, Place Bellecour",Lyon,,France,69002,+33 04 78 30 30 30,,marc.dubois@hotmail.com,324,2012-11-28,"11, Place Bellecour",Lyon,,France,69002,3.96
41,Marc Dubois,,"11, Place Bellecour",Lyon,,France,69002,+33 04 78 30 30 30,,marc.dubois@hotmail.com,346,2013-03-02,"11, Place Bellecour",Lyon,,France,69002,5.94
41,Marc Dubois,,"11, Place Bellecour",Lyon,,France,69002,+33 04 78 30 30 30,,marc.dubois@hotmail.com,398,2013-10-21,"11, Place Bellecour",Lyon,,France,69002,0.99
42,Wyatt Girard,,"9, Place Louis Barthou",Bordeaux,,France,33000,+33 05 56 96 96 96,,wyatt.girard@yahoo.fr,9,2009-02-02,"9, Place Louis Barthou",Bordeaux,,France,33000,3.96
42,Wyatt Girard,,"9, Place Louis Barthou",Bordeaux,,France,33000,+33 05 56 96 96 96,,wyatt.girard@yahoo.fr,31,2009-05-07,"9, Place Louis Barthou",Bordeaux,,France,33000,5.94
42,Wyatt Girard,,"9, Place Louis Barthou",Bordeaux,,France,33000,+33 05 56 96 96 96,,wyatt.girard@yahoo.fr,83,2009-12-26,"9, Place Louis Barthou",Bordeaux,,France,33000,0.99
42,Wyatt Girard,,"9, Place Louis Barthou",Bordeaux,,France,33000,+33 05 56 96 96 96,,wyatt.girard@yahoo.fr,204,2011-06-19,"9, Place Louis Barthou",Bordeaux,,France,33000,3.98
42,Wyatt Girard,,"9, Place Louis Barthou",Bordeaux,,France,33000,+33 05 56 96 96 96,,wyatt.girard@yahoo.fr,215,2011-07-30,"9, Place Louis Barthou",Bordeaux,,France,33000,13.86
42,Wyatt Girard,,"9, Place Louis Barthou",Bordeaux,,France,33000,+33 05 56 96 96 96,,wyatt.girard@yahoo.fr,270,2012-03-29,"9, Place Louis Barthou",Bordeaux,,France,33000,8.91
42,Wyatt Girard,,"9, Place Louis Barthou",Bordeaux,,France,33000,+33 05 56 96 96 96,,wyatt.girard@yahoo.fr,399,2013-11-03,"9, Place Louis Barthou",Bordeaux,,France,33000,1.98
43,Isabelle Mercier,,"68, Rue Jouvence",Dijon,,France,21000,+33 03 80 73 66 99,,isabelle_mercier@apple.fr,84,2010-01-08,"68, Rue Jouvence",Dijon,,France,21000,1.98
43,Isabelle Mercier,,"68, Rue Jouvence",Dijon,,France,21000,+33 03 80 73 66 99,,isabelle_mercier@apple.fr,107,2010-04-12,"68, Rue Jouvence",Dijon,,France,21000,3.96
43,Isabelle Mercier,,"68, Rue Jouvence",Dijon,,France,21000,+33 03 80 73 66 99,,isabelle_mercier@apple.fr,129,2010-07-15,"68, Rue Jouvence",Dijon,,France,21000,5.94
43,Isabelle Mercier,,"68, Rue Jouvence",Dijon,,France,21000,+33 03 80 73 66 99,,isabelle_mercier@apple.fr,181,2011-03-05,"68, Rue Jouvence",Dijon,,France,21000,0.99
43,Isabelle Mercier,,"68, Rue Jouvence",Dijon,,France,21000,+33 03 80 73 66 99,,isabelle_mercier@apple.fr,302,2012-08-26,"68, Rue Jouvence",Dijon,,France,21000,1.98
43,Isabelle Mercier,,"68, Rue Jouvence",Dijon,,France,21000,+33 03 80 73 66 99,,isabelle_mercier@apple.fr,313,2012-10-06,"68, Rue Jouvence",Dijon,,France,21000,16.86
43,Isabelle Mercier,,"68, Rue Jouvence",Dijon,,France,21000,+33 03 80 73 66 99,,isabelle_mercier@apple.fr,368,2013-06-06,"68, Rue Jouvence",Dijon,,France,21000,8.91
44,Terhi Hämäläinen,,Porthaninkatu 9,Helsinki,,Finland,00530,+358 09 870 2000,,terhi.hamalainen@apple.fi,53,2009-08-11,Porthaninkatu 9,Helsinki,,Finland,00530,8.91
44,Terhi Hämäläinen,,Porthaninkatu 9,Helsinki,,Finland,00530,+358 09 870 2000,,terhi.hamalainen@apple.fi,182,2011-03-18,Porthaninkatu 9,Helsinki,,Finland,00530,1.98
44,Terhi Hämäläinen,,Porthaninkatu 9,Helsinki,,Finland,00530,+358 09 870 2000,,terhi.hamalainen@apple.fi,205,2011-06-20,Porthaninkatu 9,Helsinki,,Finland,00530,7.96
44,Terhi Hämäläinen,,Porthaninkatu 9,Helsinki,,Finland,00530,+358 09 870 2000,,terhi.hamalainen@apple.fi,227,2011-09-22,Porthaninkatu 9,Helsinki,,Finland,00530,5.94
44,Terhi Hämäläinen,,Porthaninkatu 9,Helsinki,,Finland,00530,+358 09 870 2000,,terhi.hamalainen@apple.fi,279,2012-05-12,Porthaninkatu 9,Helsinki,,Finland,00530,0.99
44,Terhi Hämäläinen,,Porthaninkatu 9,Helsinki,,Finland,00530,+358 09 870 2000,,terhi.hamalainen@apple.fi,400,2013-11-03,Porthaninkatu 9,Helsinki,,Finland,00530,1.98
44,Terhi Hämäläinen,,Porthaninkatu 9,Helsinki,,Finland,00530,+358 09 870 2000,,terhi.hamalainen@apple.fi,411,2013-12-14,Porthaninkatu 9,Helsinki,,Finland,00530,13.86
45,Ladislav Kovács,,Erzsébet krt. 58.,Budapest,,Hungary,H-1073,,,ladislav_kovacs@apple.hu,85,2010-01-08,Erzsébet krt. 58.,Budapest,,Hungary,H-1073,1.98
45,Ladislav Kovács,,Erzsébet krt. 58.,Budapest,,Hungary,H-1073,,,ladislav_kovacs@apple.hu,96,2010-02-18,Erzsébet krt. 58.,Budapest,,Hungary,H-1073,21.86
45,Ladislav Kovács,,Erzsébet krt. 58.,Budapest,,Hungary,H-1073,,,ladislav_kovacs@apple.hu,151,2010-10-19,Erzsébet krt. 58.,Budapest,,Hungary,H-1073,8.91
45,Ladislav Kovács,,Erzsébet krt. 58.,Budapest,,Hungary,H-1073,,,ladislav_kovacs@apple.hu,280,2012-05-25,Erzsébet krt. 58.,Budapest,,Hungary,H-1073,1.98
45,Ladislav Kovács,,Erzsébet krt. 58.,Budapest,,Hungary,H-1073,,,ladislav_kovacs@apple.hu,303,2012-08-27,Erzsébet krt. 58.,Budapest,,Hungary,H-1073,3.96
45,Ladislav Kovács,,Erzsébet krt. 58.,Budapest,,Hungary,H-1073,,,ladislav_kovacs@apple.hu,325,2012-11-29,Erzsébet krt. 58.,Budapest,,Hungary,H-1073,5.94
45,Ladislav Kovács,,Erzsébet krt. 58.,Budapest,,Hungary,H-1073,,,ladislav_kovacs@apple.hu,377,2013-07-20,Erzsébet krt. 58.,Budapest,,Hungary,H-1073,0.99
46,Hugh O'Reilly,,3 Chatham Street,Dublin,Dublin,Ireland,,+353 01 6792424,,hughoreilly@apple.ie,10,2009-02-03,3 Chatham Street,Dublin,Dublin,Ireland,,5.94
46,Hugh O'Reilly,,3 Chatham Street,Dublin,Dublin,Ireland,,+353 01 6792424,,hughoreilly@apple.ie,62,2009-09-24,3 Chatham Street,Dublin,Dublin,Ireland,,0.99
46,Hugh O'Reilly,,3 Chatham Street,Dublin,Dublin,Ireland,,+353 01 6792424,,hughoreilly@apple.ie,183,2011-03-18,3 Chatham Street,Dublin,Dublin,Ireland,,1.98
46,Hugh O'Reilly,,3 Chatham Street,Dublin,Dublin,Ireland,,+353 01 6792424,,hughoreilly@apple.ie,194,2011-04-28,3 Chatham Street,Dublin,Dublin,Ireland,,21.86
46,Hugh O'Reilly,,3 Chatham Street,Dublin,Dublin,Ireland,,+353 01 6792424,,hughoreilly@apple.ie,249,2011-12-27,3 Chatham Street,Dublin,Dublin,Ireland,,8.91
46,Hugh O'Reilly,,3 Chatham Street,Dublin,Dublin,Ireland,,+353 01 6792424,,hughoreilly@apple.ie,378,2013-08-02,3 Chatham Street,Dublin,Dublin,Ireland,,1.98
46,Hugh O'Reilly,,3 Chatham Street,Dublin,Dublin,Ireland,,+353 01 6792424,,hughoreilly@apple.ie,401,2013-11-04,3 Chatham Street,Dublin,Dublin,Ireland,,3.96
47,Lucas Mancini,,"Via Degli Scipioni, 43",Rome,RM,Italy,00192,+39 06 39733434,,lucas.mancini@yahoo.it,63,2009-10-07,"Via Degli Scipioni, 43",Rome,RM,Italy,00192,1.98
47,Lucas Mancini,,"Via Degli Scipioni, 43",Rome,RM,Italy,00192,+39 06 39733434,,lucas.mancini@yahoo.it,86,2010-01-09,"Via Degli Scipioni, 43",Rome,RM,Italy,00192,3.96
47,Lucas Mancini,,"Via Degli Scipioni, 43",Rome,RM,Italy,00192,+39 06 39733434,,lucas.mancini@yahoo.it,108,2010-04-13,"Via Degli Scipioni, 43",Rome,RM,Italy,00192,5.94
47,Lucas Mancini,,"Via Degli Scipioni, 43",Rome,RM,Italy,00192,+39 06 39733434,,lucas.mancini@yahoo.it,160,2010-12-02,"Via Degli Scipioni, 43",Rome,RM,Italy,00192,0.99
47,Lucas Mancini,,"Via Degli Scipioni, 43",Rome,RM,Italy,00192,+39 06 39733434,,lucas.mancini@yahoo.it,281,2012-05-25,"Via Degli Scipioni, 43",Rome,RM,Italy,00192,1.98
47,Lucas Mancini,,"Via Degli Scipioni, 43",Rome,RM,Italy,00192,+39 06 39733434,,lucas.mancini@yahoo.it,292,2012-07-05,"Via Degli Scipioni, 43",Rome,RM,Italy,00192,13.86
47,Lucas Mancini,,"Via Degli Scipioni, 43",Rome,RM,Italy,00192,+39 06 39733434,,lucas.mancini@yahoo.it,347,2013-03-05,"Via Degli Scipioni, 43",Rome,RM,Italy,00192,8.91
48,Johannes Van der Berg,,Lijnbaansgracht 120bg,Amsterdam,VV,Netherlands,1016,+31 020 6223130,,johavanderberg@yahoo.nl,32,2009-05-10,Lijnbaansgracht 120bg,Amsterdam,VV,Netherlands,1016,8.91
48,Johannes Van der Berg,,Lijnbaansgracht 120bg,Amsterdam,VV,Netherlands,1016,+31 020 6223130,,johavanderberg@yahoo.nl,161,2010-12-15,Lijnbaansgracht 120bg,Amsterdam,VV,Netherlands,1016,1.98
48,Johannes Van der Berg,,Lijnbaansgracht 120bg,Amsterdam,VV,Netherlands,1016,+31 020 6223130,,johavanderberg@yahoo.nl,184,2011-03-19,Lijnbaansgracht 120bg,Amsterdam,VV,Netherlands,1016,3.96
48,Johannes Van der Berg,,Lijnbaansgracht 120bg,Amsterdam,VV,Netherlands,1016,+31 020 6223130,,johavanderberg@yahoo.nl,206,2011-06-21,Lijnbaansgracht 120bg,Amsterdam,VV,Netherlands,1016,8.94
48,Johannes Van der Berg,,Lijnbaansgracht 120bg,Amsterdam,VV,Netherlands,1016,+31 020 6223130,,johavanderberg@yahoo.nl,258,2012-02-09,Lijnbaansgracht 120bg,Amsterdam,VV,Netherlands,1016,0.99
48,Johannes Van der Berg,,Lijnbaansgracht 120bg,Amsterdam,VV,Netherlands,1016,+31 020 6223130,,johavanderberg@yahoo.nl,379,2013-08-02,Lijnbaansgracht 120bg,Amsterdam,VV,Netherlands,1016,1.98
48,Johannes Van der Berg,,Lijnbaansgracht 120bg,Amsterdam,VV,Netherlands,1016,+31 020 6223130,,johavanderberg@yahoo.nl,390,2013-09-12,Lijnbaansgracht 120bg,Amsterdam,VV,Netherlands,1016,13.86
49,Stanisław Wójcik,,Ordynacka 10,Warsaw,,Poland,00-358,+48 22 828 37 39,,stanisław.wójcik@wp.pl,64,2009-10-07,Ordynacka 10,Warsaw,,Poland,00-358,1.98
49,Stanisław Wójcik,,Ordynacka 10,Warsaw,,Poland,00-358,+48 22 828 37 39,,stanisław.wójcik@wp.pl,75,2009-11-17,Ordynacka 10,Warsaw,,Poland,00-358,13.86
49,Stanisław Wójcik,,Ordynacka 10,Warsaw,,Poland,00-358,+48 22 828 37 39,,stanisław.wójcik@wp.pl,130,2010-07-18,Ordynacka 10,Warsaw,,Poland,00-358,8.91
49,Stanisław Wójcik,,Ordynacka 10,Warsaw,,Poland,00-358,+48 22 828 37 39,,stanisław.wójcik@wp.pl,259,2012-02-22,Ordynacka 10,Warsaw,,Poland,00-358,1.98
49,Stanisław Wójcik,,Ordynacka 10,Warsaw,,Poland,00-358,+48 22 828 37 39,,stanisław.wójcik@wp.pl,282,2012-05-26,Ordynacka 10,Warsaw,,Poland,00-358,3.96
49,Stanisław Wójcik,,Ordynacka 10,Warsaw,,Poland,00-358,+48 22 828 37 39,,stanisław.wójcik@wp.pl,304,2012-08-28,Ordynacka 10,Warsaw,,Poland,00-358,5.94
49,Stanisław Wójcik,,Ordynacka 10,Warsaw,,Poland,00-358,+48 22 828 37 39,,stanisław.wójcik@wp.pl,356,2013-04-18,Ordynacka 10,Warsaw,,Poland,00-358,0.99
50,Enrique Muñoz,,C/ San Bernardo 85,Madrid,,Spain,28015,+34 914 454 454,,enrique_munoz@yahoo.es,41,2009-06-23,C/ San Bernardo 85,Madrid,,Spain,28015,0.99
50,Enrique Muñoz,,C/ San Bernardo 85,Madrid,,Spain,28015,+34 914 454 454,,enrique_munoz@yahoo.es,162,2010-12-15,C/ San Bernardo 85,Madrid,,Spain,28015,1.98
50,Enrique Muñoz,,C/ San Bernardo 85,Madrid,,Spain,28015,+34 914 454 454,,enrique_munoz@yahoo.es,173,2011-01-25,C/ San Bernardo 85,Madrid,,Spain,28015,13.86
50,Enrique Muñoz,,C/ San Bernardo 85,Madrid,,Spain,28015,+34 914 454 454,,enrique_munoz@yahoo.es,228,2011-09-25,C/ San Bernardo 85,Madrid,,Spain,28015,8.91
50,Enrique Muñoz,,C/ San Bernardo 85,Madrid,,Spain,28015,+34 914 454 454,,enrique_munoz@yahoo.es,357,2013-05-01,C/ San Bernardo 85,Madrid,,Spain,28015,1.98
50,Enrique Muñoz,,C/ San Bernardo 85,Madrid,,Spain,28015,+34 914 454 454,,enrique_munoz@yahoo.es,380,2013-08-03,C/ San Bernardo 85,Madrid,,Spain,28015,3.96
50,Enrique Muñoz,,C/ San Bernardo 85,Madrid,,Spain,28015,+34 914 454 454,,enrique_munoz@yahoo.es,402,2013-11-05,C/ San Bernardo 85,Madrid,,Spain,28015,5.94
51,Joakim Johansson,,Celsiusg. 9,Stockholm,,Sweden,11230,+46 08-651 52 52,,joakim.johansson@yahoo.se,42,2009-07-06,Celsiusg. 9,Stockholm,,Sweden,11230,1.98
51,Joakim Johansson,,Celsiusg. 9,Stockholm,,Sweden,11230,+46 08-651 52 52,,joakim.johansson@yahoo.se,65,2009-10-08,Celsiusg. 9,Stockholm,,Sweden,11230,3.96
51,Joakim Johansson,,Celsiusg. 9,Stockholm,,Sweden,11230,+46 08-651 52 52,,joakim.johansson@yahoo.se,87,2010-01-10,Celsiusg. 9,Stockholm,,Sweden,11230,6.94
51,Joakim Johansson,,Celsiusg. 9,Stockholm,,Sweden,11230,+46 08-651 52 52,,joakim.johansson@yahoo.se,139,2010-08-31,Celsiusg. 9,Stockholm,,Sweden,11230,0.99
51,Joakim Johansson,,Celsiusg. 9,Stockholm,,Sweden,11230,+46 08-651 52 52,,joakim.johansson@yahoo.se,260,2012-02-22,Celsiusg. 9,Stockholm,,Sweden,11230,1.98
51,Joakim Johansson,,Celsiusg. 9,Stockholm,,Sweden,11230,+46 08-651 52 52,,joakim.johansson@yahoo.se,271,2012-04-03,Celsiusg. 9,Stockholm,,Sweden,11230,13.86
51,Joakim Johansson,,Celsiusg. 9,Stockholm,,Sweden,11230,+46 08-651 52 52,,joakim.johansson@yahoo.se,326,2012-12-02,Celsiusg. 9,Stockholm,,Sweden,11230,8.91
52,Emma Jones,,202 Hoxton Street,London,,United Kingdom,N1 5LH,+44 020 7707 0707,,emma_jones@hotmail.com,11,2009-02-06,202 Hoxton Street,London,,United Kingdom,N1 5LH,8.91
52,Emma Jones,,202 Hoxton Street,London,,United Kingdom,N1 5LH,+44 020 7707 0707,,emma_jones@hotmail.com,140,2010-09-13,202 Hoxton Street,London,,United Kingdom,N1 5LH,1.98
52,Emma Jones,,202 Hoxton Street,London,,United Kingdom,N1 5LH,+44 020 7707 0707,,emma_jones@hotmail.com,163,2010-12-16,202 Hoxton Street,London,,United Kingdom,N1 5LH,3.96
52,Emma Jones,,202 Hoxton Street,London,,United Kingdom,N1 5LH,+44 020 7707 0707,,emma_jones@hotmail.com,185,2011-03-20,202 Hoxton Street,London,,United Kingdom,N1 5LH,5.94
52,Emma Jones,,202 Hoxton Street,London,,United Kingdom,N1 5LH,+44 020 7707 0707,,emma_jones@hotmail.com,237,2011-11-08,202 Hoxton Street,London,,United Kingdom,N1 5LH,0.99
52,Emma Jones,,202 Hoxton Street,London,,United Kingdom,N1 5LH,+44 020 7707 0707,,emma_jones@hotmail.com,358,2013-05-01,202 Hoxton Street,London,,United Kingdom,N1 5LH,1.98
52,Emma Jones,,202 Hoxton Street,London,,United Kingdom,N1 5LH,+44 020 7707 0707,,emma_jones@hotmail.com,369,2013-06-11,202 Hoxton Street,London,,United Kingdom,N1 5LH,13.86
53,Phil Hughes,,113 Lupus St,London,,United Kingdom,SW1V 3EN,+44 020 7976 5722,,phil.hughes@gmail.com,43,2009-07-06,113 Lupus St,London,,United Kingdom,SW1V 3EN,1.98
53,Phil Hughes,,113 Lupus St,London,,United Kingdom,SW1V 3EN,+44 020 7976 5722,,phil.hughes@gmail.com,54,2009-08-16,113 Lupus St,London,,United Kingdom,SW1V 3EN,13.86
53,Phil Hughes,,113 Lupus St,London,,United Kingdom,SW1V 3EN,+44 020 7976 5722,,phil.hughes@gmail.com,109,2010-04-16,113 Lupus St,London,,United Kingdom,SW1V 3EN,8.91
53,Phil Hughes,,113 Lupus St,London,,United Kingdom,SW1V 3EN,+44 020 7976 5722,,phil.hughes@gmail.com,238,2011-11-21,113 Lupus St,London,,United Kingdom,SW1V 3EN,1.98
53,Phil Hughes,,113 Lupus St,London,,United Kingdom,SW1V 3EN,+44 020 7976 5722,,phil.hughes@gmail.com,261,2012-02-23,113 Lupus St,London,,United Kingdom,SW1V 3EN,3.96
53,Phil Hughes,,113 Lupus St,London,,United Kingdom,SW1V 3EN,+44 020 7976 5722,,phil.hughes@gmail.com,283,2012-05-27,113 Lupus St,London,,United Kingdom,SW1V 3EN,5.94
53,Phil Hughes,,113 Lupus St,London,,United Kingdom,SW1V 3EN,+44 020 7976 5722,,phil.hughes@gmail.com,335,2013-01-15,113 Lupus St,London,,United Kingdom,SW1V 3EN,0.99
54,Steve Murray,,110 Raeburn Pl,Edinburgh ,,United Kingdom,EH4 1HH,+44 0131 315 3300,,steve.murray@yahoo.uk,20,2009-03-22,110 Raeburn Pl,Edinburgh ,,United Kingdom,EH4 1HH,0.99
54,Steve Murray,,110 Raeburn Pl,Edinburgh ,,United Kingdom,EH4 1HH,+44 0131 315 3300,,steve.murray@yahoo.uk,141,2010-09-13,110 Raeburn Pl,Edinburgh ,,United Kingdom,EH4 1HH,1.98
54,Steve Murray,,110 Raeburn Pl,Edinburgh ,,United Kingdom,EH4 1HH,+44 0131 315 3300,,steve.murray@yahoo.uk,152,2010-10-24,110 Raeburn Pl,Edinburgh ,,United Kingdom,EH4 1HH,13.86
54,Steve Murray,,110 Raeburn Pl,Edinburgh ,,United Kingdom,EH4 1HH,+44 0131 315 3300,,steve.murray@yahoo.uk,207,2011-06-24,110 Raeburn Pl,Edinburgh ,,United Kingdom,EH4 1HH,8.91
54,Steve Murray,,110 Raeburn Pl,Edinburgh ,,United Kingdom,EH4 1HH,+44 0131 315 3300,,steve.murray@yahoo.uk,336,2013-01-28,110 Raeburn Pl,Edinburgh ,,United Kingdom,EH4 1HH,1.98
54,Steve Murray,,110 Raeburn Pl,Edinburgh ,,United Kingdom,EH4 1HH,+44 0131 315 3300,,steve.murray@yahoo.uk,359,2013-05-02,110 Raeburn Pl,Edinburgh ,,United Kingdom,EH4 1HH,3.96
54,Steve Murray,,110 Raeburn Pl,Edinburgh ,,United Kingdom,EH4 1HH,+44 0131 315 3300,,steve.murray@yahoo.uk,381,2013-08-04,110 Raeburn Pl,Edinburgh ,,United Kingdom,EH4 1HH,5.94
55,Mark Taylor,,421 Bourke Street,Sidney,NSW,Australia,2010,+61 (02) 9332 3633,,mark.taylor@yahoo.au,21,2009-04-04,421 Bourke Street,Sidney,NSW,Australia,2010,1.98
55,Mark Taylor,,421 Bourke Street,Sidney,NSW,Australia,2010,+61 (02) 9332 3633,,mark.taylor@yahoo.au,44,2009-07-07,421 Bourke Street,Sidney,NSW,Australia,2010,3.96
55,Mark Taylor,,421 Bourke Street,Sidney,NSW,Australia,2010,+61 (02) 9332 3633,,mark.taylor@yahoo.au,66,2009-10-09,421 Bourke Street,Sidney,NSW,Australia,2010,5.94
55,Mark Taylor,,421 Bourke Street,Sidney,NSW,Australia,2010,+61 (02) 9332 3633,,mark.taylor@yahoo.au,118,2010-05-30,421 Bourke Street,Sidney,NSW,Australia,2010,0.99
55,Mark Taylor,,421 Bourke Street,Sidney,NSW,Australia,2010,+61 (02) 9332 3633,,mark.taylor@yahoo.au,239,2011-11-21,421 Bourke Street,Sidney,NSW,Australia,2010,1.98
55,Mark Taylor,,421 Bourke Street,Sidney,NSW,Australia,2010,+61 (02) 9332 3633,,mark.taylor@yahoo.au,250,2012-01-01,421 Bourke Street,Sidney,NSW,Australia,2010,13.86
55,Mark Taylor,,421 Bourke Street,Sidney,NSW,Australia,2010,+61 (02) 9332 3633,,mark.taylor@yahoo.au,305,2012-08-31,421 Bourke Street,Sidney,NSW,Australia,2010,8.91
56,Diego Gutiérrez,,307 Macacha Güemes,Buenos Aires,,Argentina,1106,+54 (0)11 4311 4333,,diego.gutierrez@yahoo.ar,119,2010-06-12,307 Macacha Güemes,Buenos Aires,,Argentina,1106,1.98
56,Diego Gutiérrez,,307 Macacha Güemes,Buenos Aires,,Argentina,1106,+54 (0)11 4311 4333,,diego.gutierrez@yahoo.ar,142,2010-09-14,307 Macacha Güemes,Buenos Aires,,Argentina,1106,3.96
56,Diego Gutiérrez,,307 Macacha Güemes,Buenos Aires,,Argentina,1106,+54 (0)11 4311 4333,,diego.gutierrez@yahoo.ar,164,2010-12-17,307 Macacha Güemes,Buenos Aires,,Argentina,1106,5.94
56,Diego Gutiérrez,,307 Macacha Güemes,Buenos Aires,,Argentina,1106,+54 (0)11 4311 4333,,diego.gutierrez@yahoo.ar,216,2011-08-07,307 Macacha Güemes,Buenos Aires,,Argentina,1106,0.99
56,Diego Gutiérrez,,307 Macacha Güemes,Buenos Aires,,Argentina,1106,+54 (0)11 4311 4333,,diego.gutierrez@yahoo.ar,337,2013-01-28,307 Macacha Güemes,Buenos Aires,,Argentina,1106,1.98
56,Diego Gutiérrez,,307 Macacha Güemes,Buenos Aires,,Argentina,1106,+54 (0)11 4311 4333,,diego.gutierrez@yahoo.ar,348,2013-03-10,307 Macacha Güemes,Buenos Aires,,Argentina,1106,13.86
56,Diego Gutiérrez,,307 Macacha Güemes,Buenos Aires,,Argentina,1106,+54 (0)11 4311 4333,,diego.gutierrez@yahoo.ar,403,2013-11-08,307 Macacha Güemes,Buenos Aires,,Argentina,1106,8.91
57,Luis Rojas,,"Calle Lira, 198",Santiago,,Chile,,+56 (0)2 635 4444,,luisrojas@yahoo.cl,22,2009-04-04,"Calle Lira, 198",Santiago,,Chile,,1.98
57,Luis Rojas,,"Calle Lira, 198",Santiago,,Chile,,+56 (0)2 635 4444,,luisrojas@yahoo.cl,33,2009-05-15,"Calle Lira, 198",Santiago,,Chile,,13.86
57,Luis Rojas,,"Calle Lira, 198",Santiago,,Chile,,+56 (0)2 635 4444,,luisrojas@yahoo.cl,88,2010-01-13,"Calle Lira, 198",Santiago,,Chile,,17.91
57,Luis Rojas,,"Calle Lira, 198",Santiago,,Chile,,+56 (0)2 635 4444,,luisrojas@yahoo.cl,217,2011-08-20,"Calle Lira, 198",Santiago,,Chile,,1.98
57,Luis Rojas,,"Calle Lira, 198",Santiago,,Chile,,+56 (0)2 635 4444,,luisrojas@yahoo.cl,240,2011-11-22,"Calle Lira, 198",Santiago,,Chile,,3.96
57,Luis Rojas,,"Calle Lira, 198",Santiago,,Chile,,+56 (0)2 635 4444,,luisrojas@yahoo.cl,262,2012-02-24,"Calle Lira, 198",Santiago,,Chile,,5.94
57,Luis Rojas,,"Calle Lira, 198",Santiago,,Chile,,+56 (0)2 635 4444,,luisrojas@yahoo.cl,314,2012-10-14,"Calle Lira, 198",Santiago,,Chile,,0.99
58,Manoj Pareek,,"12,Community Centre",Delhi,,India,110017,+91 0124 39883988,,manoj.pareek@rediff.com,120,2010-06-12,"12,Community Centre",Delhi,,India,110017,1.98
58,Manoj Pareek,,"12,Community Centre",Delhi,,India,110017,+91 0124 39883988,,manoj.pareek@rediff.com,131,2010-07-23,"12,Community Centre",Delhi,,India,110017,13.86
58,Manoj Pareek,,"12,Community Centre",Delhi,,India,110017,+91 0124 39883988,,manoj.pareek@rediff.com,186,2011-03-23,"12,Community Centre",Delhi,,India,110017,8.91
58,Manoj Pareek,,"12,Community Centre",Delhi,,India,110017,+91 0124 39883988,,manoj.pareek@rediff.com,315,2012-10-27,"12,Community Centre",Delhi,,India,110017,1.98
58,Manoj Pareek,,"12,Community Centre",Delhi,,India,110017,+91 0124 39883988,,manoj.pareek@rediff.com,338,2013-01-29,"12,Community Centre",Delhi,,India,110017,3.96
58,Manoj Pareek,,"12,Community Centre",Delhi,,India,110017,+91 0124 39883988,,manoj.pareek@rediff.com,360,2013-05-03,"12,Community Centre",Delhi,,India,110017,5.94
58,Manoj Pareek,,"12,Community Centre",Delhi,,India,110017,+91 0124 39883988,,manoj.pareek@rediff.com,412,2013-12-22,"12,Community Centre",Delhi,,India,110017,1.99
59,Puja Srivastava,,"3,Raj Bhavan Road",Bangalore,,India,560001,+91 080 22289999,,puja_srivastava@yahoo.in,23,2009-04-05,"3,Raj Bhavan Road",Bangalore,,India,560001,3.96
59,Puja Srivastava,,"3,Raj Bhavan Road",Bangalore,,India,560001,+91 080 22289999,,puja_srivastava@yahoo.in,45,2009-07-08,"3,Raj Bhavan Road",Bangalore,,India,560001,5.94
59,Puja Srivastava,,"3,Raj Bhavan Road",Bangalore,,India,560001,+91 080 22289999,,puja_srivastava@yahoo.in,97,2010-02-26,"3,Raj Bhavan Road",Bangalore,,India,560001,1.99
59,Puja Srivastava,,"3,Raj Bhavan Road",Bangalore,,India,560001,+91 080 22289999,,puja_srivastava@yahoo.in,218,2011-08-20,"3,Raj Bhavan Road",Bangalore,,India,560001,1.98
59,Puja Srivastava,,"3,Raj Bhavan Road",Bangalore,,India,560001,+91 080 22289999,,puja_srivastava@yahoo.in,229,2011-09-30,"3,Raj Bhavan Road",Bangalore,,India,560001,13.86
59,Puja Srivastava,,"3,Raj Bhavan Road",Bangalore,,India,560001,+91 080 22289999,,puja_srivastava@yahoo.in,284,2012-05-30,"3,Raj Bhavan Road",Bangalore,,India,560001,8.91
